train_id,train_name,journey_date,station_no,station_code,station_name,distance_km,scheduled_time,delay_minutes,actual_time,source
12805,Janmabhoomi Express,2026-08-01,1,VSKP,Visakhapatnam Jn,0,2026-08-01 06:20:00.000000,,,real
12805,Janmabhoomi Express,2026-08-01,2,DVD,Duvvada,18,2026-08-01 06:43:00.000000,4.0,2026-08-01 06:47:00.000000,real
12805,Janmabhoomi Express,2026-08-01,3,AKP,Anakapalle,33,2026-08-01 06:58:00.000000,9.0,2026-08-01 07:07:00.000000,real
12805,Janmabhoomi Express,2026-08-01,4,YLM,Elamanchili,57,2026-08-01 07:13:00.000000,18.0,2026-08-01 07:31:00.000000,real
12805,Janmabhoomi Express,2026-08-01,5,TUNI,Tuni,97,2026-08-01 07:38:00.000000,25.0,2026-08-01 08:03:00.000000,real
12805,Janmabhoomi Express,2026-08-01,6,ANV,Annavaram,114,2026-08-01 07:58:00.000000,23.0,2026-08-01 08:21:00.000000,real
12805,Janmabhoomi Express,2026-08-01,7,SLO,Samalkot Jn,151,2026-08-01 08:33:00.000000,21.0,2026-08-01 08:54:00.000000,real
12805,Janmabhoomi Express,2026-08-01,8,APT,Anaparti,177,2026-08-01 08:49:00.000000,25.0,2026-08-01 09:14:00.000000,real
12805,Janmabhoomi Express,2026-08-01,9,RJY,Rajahmundry,201,2026-08-01 09:18:00.000000,27.0,2026-08-01 09:45:00.000000,real
12805,Janmabhoomi Express,2026-08-01,10,TDD,Tadepalligudem,243,2026-08-01 10:03:00.000000,29.0,2026-08-01 10:32:00.000000,real
12805,Janmabhoomi Express,2026-08-01,11,EE,Eluru,291,2026-08-01 10:43:00.000000,25.0,2026-08-01 11:08:00.000000,real
12805,Janmabhoomi Express,2026-08-01,12,NZD,Nuzvid,309,2026-08-01 11:03:00.000000,25.0,2026-08-01 11:28:00.000000,real
12805,Janmabhoomi Express,2026-08-01,13,BZA,Vijayawada Jn,350,2026-08-01 12:02:00.000000,7.0,2026-08-01 12:09:00.000000,real
12805,Janmabhoomi Express,2026-08-01,14,TEL,Tenali Jn,382,2026-08-01 12:45:00.000000,19.0,2026-08-01 13:04:00.000000,real
12805,Janmabhoomi Express,2026-08-01,15,GNT,Guntur Jn,407,2026-08-01 13:10:00.000000,46.0,2026-08-01 13:56:00.000000,real
12805,Janmabhoomi Express,2026-08-01,16,SAP,Sattenapalle,450,2026-08-01 13:56:00.000000,1.0,2026-08-01 13:57:00.000000,real
12805,Janmabhoomi Express,2026-08-01,17,PGRL,Piduguralla,480,2026-08-01 14:22:00.000000,53.0,2026-08-01 15:15:00.000000,real
12805,Janmabhoomi Express,2026-08-01,18,NDKD,Nadikode,502,2026-08-01 14:43:00.000000,51.0,2026-08-01 15:34:00.000000,real
12805,Janmabhoomi Express,2026-08-01,19,MRGA,Miryalaguda,541,2026-08-01 15:12:00.000000,57.0,2026-08-01 16:09:00.000000,real
12805,Janmabhoomi Express,2026-08-01,20,NLDA,Nalgonda,578,2026-08-01 15:42:00.000000,74.0,2026-08-01 16:56:00.000000,real
12805,Janmabhoomi Express,2026-08-01,21,RMNP,Ramannapet,613,2026-08-01 16:14:00.000000,76.0,2026-08-01 17:30:00.000000,real
12805,Janmabhoomi Express,2026-08-01,22,CHZ,Charlapalli,676,2026-08-01 18:05:00.000000,2.0,2026-08-01 18:07:00.000000,real
12805,Janmabhoomi Express,2026-08-01,23,SC,Secunderabad Jn,688,2026-08-01 18:25:00.000000,5.0,2026-08-01 18:30:00.000000,real
12805,Janmabhoomi Express,2026-08-01,24,BMT,Begumpet,693,2026-08-01 18:41:00.000000,1.0,2026-08-01 18:42:00.000000,real
12805,Janmabhoomi Express,2026-08-01,25,LPI,Lingampalli,711,2026-08-01 19:15:00.000000,-8.0,2026-08-01 19:07:00.000000,real
12805,Janmabhoomi Express,2026-08-02,1,VSKP,Visakhapatnam Jn,0,2026-08-02 06:20:00.000000,,,real
12805,Janmabhoomi Express,2026-08-02,2,DVD,Duvvada,18,2026-08-02 06:43:00.000000,4.0,2026-08-02 06:47:00.000000,real
12805,Janmabhoomi Express,2026-08-02,3,AKP,Anakapalle,33,2026-08-02 06:58:00.000000,8.0,2026-08-02 07:06:00.000000,real
12805,Janmabhoomi Express,2026-08-02,4,YLM,Elamanchili,57,2026-08-02 07:13:00.000000,17.0,2026-08-02 07:30:00.000000,real
12805,Janmabhoomi Express,2026-08-02,5,TUNI,Tuni,97,2026-08-02 07:38:00.000000,24.0,2026-08-02 08:02:00.000000,real
12805,Janmabhoomi Express,2026-08-02,6,ANV,Annavaram,114,2026-08-02 07:58:00.000000,22.0,2026-08-02 08:20:00.000000,real
12805,Janmabhoomi Express,2026-08-02,7,SLO,Samalkot Jn,151,2026-08-02 08:33:00.000000,17.0,2026-08-02 08:50:00.000000,real
12805,Janmabhoomi Express,2026-08-02,8,APT,Anaparti,177,2026-08-02 08:49:00.000000,27.0,2026-08-02 09:16:00.000000,real
12805,Janmabhoomi Express,2026-08-02,9,RJY,Rajahmundry,201,2026-08-02 09:18:00.000000,21.0,2026-08-02 09:39:00.000000,real
12805,Janmabhoomi Express,2026-08-02,10,TDD,Tadepalligudem,243,2026-08-02 10:03:00.000000,25.0,2026-08-02 10:28:00.000000,real
12805,Janmabhoomi Express,2026-08-02,11,EE,Eluru,291,2026-08-02 10:43:00.000000,22.0,2026-08-02 11:05:00.000000,real
12805,Janmabhoomi Express,2026-08-02,12,NZD,Nuzvid,309,2026-08-02 11:03:00.000000,22.0,2026-08-02 11:25:00.000000,real
12805,Janmabhoomi Express,2026-08-02,13,BZA,Vijayawada Jn,350,2026-08-02 12:02:00.000000,8.0,2026-08-02 12:10:00.000000,real
12805,Janmabhoomi Express,2026-08-02,14,TEL,Tenali Jn,382,2026-08-02 12:45:00.000000,11.0,2026-08-02 12:56:00.000000,real
12805,Janmabhoomi Express,2026-08-02,15,GNT,Guntur Jn,407,2026-08-02 13:10:00.000000,36.0,2026-08-02 13:46:00.000000,real
12805,Janmabhoomi Express,2026-08-02,16,SAP,Sattenapalle,450,2026-08-02 13:56:00.000000,35.0,2026-08-02 14:31:00.000000,real
12805,Janmabhoomi Express,2026-08-02,17,PGRL,Piduguralla,480,2026-08-02 14:22:00.000000,36.0,2026-08-02 14:58:00.000000,real
12805,Janmabhoomi Express,2026-08-02,18,NDKD,Nadikode,502,2026-08-02 14:43:00.000000,34.0,2026-08-02 15:17:00.000000,real
12805,Janmabhoomi Express,2026-08-02,19,MRGA,Miryalaguda,541,2026-08-02 15:12:00.000000,44.0,2026-08-02 15:56:00.000000,real
12805,Janmabhoomi Express,2026-08-02,20,NLDA,Nalgonda,578,2026-08-02 15:42:00.000000,55.0,2026-08-02 16:37:00.000000,real
12805,Janmabhoomi Express,2026-08-02,21,RMNP,Ramannapet,613,2026-08-02 16:14:00.000000,52.0,2026-08-02 17:06:00.000000,real
12805,Janmabhoomi Express,2026-08-02,22,CHZ,Charlapalli,676,2026-08-02 18:05:00.000000,10.0,2026-08-02 18:15:00.000000,real
12805,Janmabhoomi Express,2026-08-02,23,SC,Secunderabad Jn,688,2026-08-02 18:25:00.000000,14.0,2026-08-02 18:39:00.000000,real
12805,Janmabhoomi Express,2026-08-02,24,BMT,Begumpet,693,2026-08-02 18:41:00.000000,1.0,2026-08-02 18:42:00.000000,real
12805,Janmabhoomi Express,2026-08-02,25,LPI,Lingampalli,711,2026-08-02 19:15:00.000000,11.0,2026-08-02 19:26:00.000000,real
12805,Janmabhoomi Express,2026-08-03,1,VSKP,Visakhapatnam Jn,0,2026-08-03 06:20:00.000000,,,real
12805,Janmabhoomi Express,2026-08-03,2,DVD,Duvvada,18,2026-08-03 06:43:00.000000,4.0,2026-08-03 06:47:00.000000,real
12805,Janmabhoomi Express,2026-08-03,3,AKP,Anakapalle,33,2026-08-03 06:58:00.000000,7.0,2026-08-03 07:05:00.000000,real
12805,Janmabhoomi Express,2026-08-03,4,YLM,Elamanchili,57,2026-08-03 07:13:00.000000,15.0,2026-08-03 07:28:00.000000,real
12805,Janmabhoomi Express,2026-08-03,5,TUNI,Tuni,97,2026-08-03 07:38:00.000000,22.0,2026-08-03 08:00:00.000000,real
12805,Janmabhoomi Express,2026-08-03,6,ANV,Annavaram,114,2026-08-03 07:58:00.000000,20.0,2026-08-03 08:18:00.000000,real
12805,Janmabhoomi Express,2026-08-03,7,SLO,Samalkot Jn,151,2026-08-03 08:33:00.000000,16.0,2026-08-03 08:49:00.000000,real
12805,Janmabhoomi Express,2026-08-03,8,APT,Anaparti,177,2026-08-03 08:49:00.000000,25.0,2026-08-03 09:14:00.000000,real
12805,Janmabhoomi Express,2026-08-03,9,RJY,Rajahmundry,201,2026-08-03 09:18:00.000000,20.0,2026-08-03 09:38:00.000000,real
12805,Janmabhoomi Express,2026-08-03,10,TDD,Tadepalligudem,243,2026-08-03 10:03:00.000000,24.0,2026-08-03 10:27:00.000000,real
12805,Janmabhoomi Express,2026-08-03,11,EE,Eluru,291,2026-08-03 10:43:00.000000,21.0,2026-08-03 11:04:00.000000,real
12805,Janmabhoomi Express,2026-08-03,12,NZD,Nuzvid,309,2026-08-03 11:03:00.000000,21.0,2026-08-03 11:24:00.000000,real
12805,Janmabhoomi Express,2026-08-03,13,BZA,Vijayawada Jn,350,2026-08-03 12:02:00.000000,8.0,2026-08-03 12:10:00.000000,real
12805,Janmabhoomi Express,2026-08-03,14,TEL,Tenali Jn,382,2026-08-03 12:45:00.000000,10.0,2026-08-03 12:55:00.000000,real
12805,Janmabhoomi Express,2026-08-03,15,GNT,Guntur Jn,407,2026-08-03 13:10:00.000000,36.0,2026-08-03 13:46:00.000000,real
12805,Janmabhoomi Express,2026-08-03,16,SAP,Sattenapalle,450,2026-08-03 13:56:00.000000,31.0,2026-08-03 14:27:00.000000,real
12805,Janmabhoomi Express,2026-08-03,17,PGRL,Piduguralla,480,2026-08-03 14:22:00.000000,32.0,2026-08-03 14:54:00.000000,real
12805,Janmabhoomi Express,2026-08-03,18,NDKD,Nadikode,502,2026-08-03 14:43:00.000000,31.0,2026-08-03 15:14:00.000000,real
12805,Janmabhoomi Express,2026-08-03,19,MRGA,Miryalaguda,541,2026-08-03 15:12:00.000000,41.0,2026-08-03 15:53:00.000000,real
12805,Janmabhoomi Express,2026-08-03,20,NLDA,Nalgonda,578,2026-08-03 15:42:00.000000,48.0,2026-08-03 16:30:00.000000,real
12805,Janmabhoomi Express,2026-08-03,21,RMNP,Ramannapet,613,2026-08-03 16:14:00.000000,46.0,2026-08-03 17:00:00.000000,real
12805,Janmabhoomi Express,2026-08-03,22,CHZ,Charlapalli,676,2026-08-03 18:05:00.000000,8.0,2026-08-03 18:13:00.000000,real
12805,Janmabhoomi Express,2026-08-03,23,SC,Secunderabad Jn,688,2026-08-03 18:25:00.000000,11.0,2026-08-03 18:36:00.000000,real
12805,Janmabhoomi Express,2026-08-03,24,BMT,Begumpet,693,2026-08-03 18:41:00.000000,1.0,2026-08-03 18:42:00.000000,real
12805,Janmabhoomi Express,2026-08-03,25,LPI,Lingampalli,711,2026-08-03 19:15:00.000000,14.0,2026-08-03 19:29:00.000000,real
12805,Janmabhoomi Express,2026-08-04,1,VSKP,Visakhapatnam Jn,0,2026-08-04 06:20:00.000000,,,real
12805,Janmabhoomi Express,2026-08-04,2,DVD,Duvvada,18,2026-08-04 06:43:00.000000,4.0,2026-08-04 06:47:00.000000,real
12805,Janmabhoomi Express,2026-08-04,3,AKP,Anakapalle,33,2026-08-04 06:58:00.000000,11.0,2026-08-04 07:09:00.000000,real
12805,Janmabhoomi Express,2026-08-04,4,YLM,Elamanchili,57,2026-08-04 07:13:00.000000,22.0,2026-08-04 07:35:00.000000,real
12805,Janmabhoomi Express,2026-08-04,5,TUNI,Tuni,97,2026-08-04 07:38:00.000000,29.0,2026-08-04 08:07:00.000000,real
12805,Janmabhoomi Express,2026-08-04,6,ANV,Annavaram,114,2026-08-04 07:58:00.000000,28.0,2026-08-04 08:26:00.000000,real
12805,Janmabhoomi Express,2026-08-04,7,SLO,Samalkot Jn,151,2026-08-04 08:33:00.000000,24.0,2026-08-04 08:57:00.000000,real
12805,Janmabhoomi Express,2026-08-04,8,APT,Anaparti,177,2026-08-04 08:49:00.000000,29.0,2026-08-04 09:18:00.000000,real
12805,Janmabhoomi Express,2026-08-04,9,RJY,Rajahmundry,201,2026-08-04 09:18:00.000000,29.0,2026-08-04 09:47:00.000000,real
12805,Janmabhoomi Express,2026-08-04,10,TDD,Tadepalligudem,243,2026-08-04 10:03:00.000000,31.0,2026-08-04 10:34:00.000000,real
12805,Janmabhoomi Express,2026-08-04,11,EE,Eluru,291,2026-08-04 10:43:00.000000,30.0,2026-08-04 11:13:00.000000,real
12805,Janmabhoomi Express,2026-08-04,12,NZD,Nuzvid,309,2026-08-04 11:03:00.000000,32.0,2026-08-04 11:35:00.000000,real
12805,Janmabhoomi Express,2026-08-04,13,BZA,Vijayawada Jn,350,2026-08-04 12:02:00.000000,12.0,2026-08-04 12:14:00.000000,real
12805,Janmabhoomi Express,2026-08-04,14,TEL,Tenali Jn,382,2026-08-04 12:45:00.000000,14.0,2026-08-04 12:59:00.000000,real
12805,Janmabhoomi Express,2026-08-04,15,GNT,Guntur Jn,407,2026-08-04 13:10:00.000000,37.0,2026-08-04 13:47:00.000000,real
12805,Janmabhoomi Express,2026-08-04,16,SAP,Sattenapalle,450,2026-08-04 13:56:00.000000,58.0,2026-08-04 14:54:00.000000,real
12805,Janmabhoomi Express,2026-08-04,17,PGRL,Piduguralla,480,2026-08-04 14:22:00.000000,58.0,2026-08-04 15:20:00.000000,real
12805,Janmabhoomi Express,2026-08-04,18,NDKD,Nadikode,502,2026-08-04 14:43:00.000000,62.0,2026-08-04 15:45:00.000000,real
12805,Janmabhoomi Express,2026-08-04,19,MRGA,Miryalaguda,541,2026-08-04 15:12:00.000000,72.0,2026-08-04 16:24:00.000000,real
12805,Janmabhoomi Express,2026-08-04,20,NLDA,Nalgonda,578,2026-08-04 15:42:00.000000,88.0,2026-08-04 17:10:00.000000,real
12805,Janmabhoomi Express,2026-08-04,21,RMNP,Ramannapet,613,2026-08-04 16:14:00.000000,87.0,2026-08-04 17:41:00.000000,real
12805,Janmabhoomi Express,2026-08-04,22,CHZ,Charlapalli,676,2026-08-04 18:05:00.000000,52.0,2026-08-04 18:57:00.000000,real
12805,Janmabhoomi Express,2026-08-04,23,SC,Secunderabad Jn,688,2026-08-04 18:25:00.000000,5.0,2026-08-04 18:30:00.000000,real
12805,Janmabhoomi Express,2026-08-04,24,BMT,Begumpet,693,2026-08-04 18:41:00.000000,1.0,2026-08-04 18:42:00.000000,real
12805,Janmabhoomi Express,2026-08-04,25,LPI,Lingampalli,711,2026-08-04 19:15:00.000000,40.0,2026-08-04 19:55:00.000000,real
12805,Janmabhoomi Express,2026-08-05,1,VSKP,Visakhapatnam Jn,0,2026-08-05 06:20:00.000000,,,real
12805,Janmabhoomi Express,2026-08-05,2,DVD,Duvvada,18,2026-08-05 06:43:00.000000,6.0,2026-08-05 06:49:00.000000,real
12805,Janmabhoomi Express,2026-08-05,3,AKP,Anakapalle,33,2026-08-05 06:58:00.000000,10.0,2026-08-05 07:08:00.000000,real
12805,Janmabhoomi Express,2026-08-05,4,YLM,Elamanchili,57,2026-08-05 07:13:00.000000,21.0,2026-08-05 07:34:00.000000,real
12805,Janmabhoomi Express,2026-08-05,5,TUNI,Tuni,97,2026-08-05 07:38:00.000000,29.0,2026-08-05 08:07:00.000000,real
12805,Janmabhoomi Express,2026-08-05,6,ANV,Annavaram,114,2026-08-05 07:58:00.000000,28.0,2026-08-05 08:26:00.000000,real
12805,Janmabhoomi Express,2026-08-05,7,SLO,Samalkot Jn,151,2026-08-05 08:33:00.000000,24.0,2026-08-05 08:57:00.000000,real
12805,Janmabhoomi Express,2026-08-05,8,APT,Anaparti,177,2026-08-05 08:49:00.000000,28.0,2026-08-05 09:17:00.000000,real
12805,Janmabhoomi Express,2026-08-05,9,RJY,Rajahmundry,201,2026-08-05 09:18:00.000000,24.0,2026-08-05 09:42:00.000000,real
12805,Janmabhoomi Express,2026-08-05,10,TDD,Tadepalligudem,243,2026-08-05 10:03:00.000000,25.0,2026-08-05 10:28:00.000000,real
12805,Janmabhoomi Express,2026-08-05,11,EE,Eluru,291,2026-08-05 10:43:00.000000,21.0,2026-08-05 11:04:00.000000,real
12805,Janmabhoomi Express,2026-08-05,12,NZD,Nuzvid,309,2026-08-05 11:03:00.000000,23.0,2026-08-05 11:26:00.000000,real
12805,Janmabhoomi Express,2026-08-05,13,BZA,Vijayawada Jn,350,2026-08-05 12:02:00.000000,-2.0,2026-08-05 12:00:00.000000,real
12805,Janmabhoomi Express,2026-08-05,14,TEL,Tenali Jn,382,2026-08-05 12:45:00.000000,3.0,2026-08-05 12:48:00.000000,real
12805,Janmabhoomi Express,2026-08-05,15,GNT,Guntur Jn,407,2026-08-05 13:10:00.000000,24.0,2026-08-05 13:34:00.000000,real
12805,Janmabhoomi Express,2026-08-05,16,SAP,Sattenapalle,450,2026-08-05 13:56:00.000000,54.0,2026-08-05 14:50:00.000000,real
12805,Janmabhoomi Express,2026-08-05,17,PGRL,Piduguralla,480,2026-08-05 14:22:00.000000,45.0,2026-08-05 15:07:00.000000,real
12805,Janmabhoomi Express,2026-08-05,18,NDKD,Nadikode,502,2026-08-05 14:43:00.000000,26.0,2026-08-05 15:09:00.000000,real
12805,Janmabhoomi Express,2026-08-05,19,MRGA,Miryalaguda,541,2026-08-05 15:12:00.000000,37.0,2026-08-05 15:49:00.000000,real
12805,Janmabhoomi Express,2026-08-05,20,NLDA,Nalgonda,578,2026-08-05 15:42:00.000000,49.0,2026-08-05 16:31:00.000000,real
12805,Janmabhoomi Express,2026-08-05,21,RMNP,Ramannapet,613,2026-08-05 16:14:00.000000,45.0,2026-08-05 16:59:00.000000,real
12805,Janmabhoomi Express,2026-08-05,22,CHZ,Charlapalli,676,2026-08-05 18:05:00.000000,-13.0,2026-08-05 17:52:00.000000,real
12805,Janmabhoomi Express,2026-08-05,23,SC,Secunderabad Jn,688,2026-08-05 18:25:00.000000,-1.0,2026-08-05 18:24:00.000000,real
12805,Janmabhoomi Express,2026-08-05,24,BMT,Begumpet,693,2026-08-05 18:41:00.000000,1.0,2026-08-05 18:42:00.000000,real
12805,Janmabhoomi Express,2026-08-05,25,LPI,Lingampalli,711,2026-08-05 19:15:00.000000,-25.0,2026-08-05 18:50:00.000000,real
12805,Janmabhoomi Express,2026-08-06,1,VSKP,Visakhapatnam Jn,0,2026-08-06 06:20:00.000000,,,real
12805,Janmabhoomi Express,2026-08-06,2,DVD,Duvvada,18,2026-08-06 06:43:00.000000,4.0,2026-08-06 06:47:00.000000,real
12805,Janmabhoomi Express,2026-08-06,3,AKP,Anakapalle,33,2026-08-06 06:58:00.000000,5.0,2026-08-06 07:03:00.000000,real
12805,Janmabhoomi Express,2026-08-06,4,YLM,Elamanchili,57,2026-08-06 07:13:00.000000,11.0,2026-08-06 07:24:00.000000,real
12805,Janmabhoomi Express,2026-08-06,5,TUNI,Tuni,97,2026-08-06 07:38:00.000000,20.0,2026-08-06 07:58:00.000000,real
12805,Janmabhoomi Express,2026-08-06,6,ANV,Annavaram,114,2026-08-06 07:58:00.000000,18.0,2026-08-06 08:16:00.000000,real
12805,Janmabhoomi Express,2026-08-06,7,SLO,Samalkot Jn,151,2026-08-06 08:33:00.000000,15.0,2026-08-06 08:48:00.000000,real
12805,Janmabhoomi Express,2026-08-06,8,APT,Anaparti,177,2026-08-06 08:49:00.000000,29.0,2026-08-06 09:18:00.000000,real
12805,Janmabhoomi Express,2026-08-06,9,RJY,Rajahmundry,201,2026-08-06 09:18:00.000000,23.0,2026-08-06 09:41:00.000000,real
12805,Janmabhoomi Express,2026-08-06,10,TDD,Tadepalligudem,243,2026-08-06 10:03:00.000000,24.0,2026-08-06 10:27:00.000000,real
12805,Janmabhoomi Express,2026-08-06,11,EE,Eluru,291,2026-08-06 10:43:00.000000,17.0,2026-08-06 11:00:00.000000,real
12805,Janmabhoomi Express,2026-08-06,12,NZD,Nuzvid,309,2026-08-06 11:03:00.000000,18.0,2026-08-06 11:21:00.000000,real
12805,Janmabhoomi Express,2026-08-06,13,BZA,Vijayawada Jn,350,2026-08-06 12:02:00.000000,2.0,2026-08-06 12:04:00.000000,real
12805,Janmabhoomi Express,2026-08-06,14,TEL,Tenali Jn,382,2026-08-06 12:45:00.000000,11.0,2026-08-06 12:56:00.000000,real
12805,Janmabhoomi Express,2026-08-06,15,GNT,Guntur Jn,407,2026-08-06 13:10:00.000000,26.0,2026-08-06 13:36:00.000000,real
12805,Janmabhoomi Express,2026-08-06,16,SAP,Sattenapalle,450,2026-08-06 13:56:00.000000,33.0,2026-08-06 14:29:00.000000,real
12805,Janmabhoomi Express,2026-08-06,17,PGRL,Piduguralla,480,2026-08-06 14:22:00.000000,33.0,2026-08-06 14:55:00.000000,real
12805,Janmabhoomi Express,2026-08-06,18,NDKD,Nadikode,502,2026-08-06 14:43:00.000000,31.0,2026-08-06 15:14:00.000000,real
12805,Janmabhoomi Express,2026-08-06,19,MRGA,Miryalaguda,541,2026-08-06 15:12:00.000000,42.0,2026-08-06 15:54:00.000000,real
12805,Janmabhoomi Express,2026-08-06,20,NLDA,Nalgonda,578,2026-08-06 15:42:00.000000,54.0,2026-08-06 16:36:00.000000,real
12805,Janmabhoomi Express,2026-08-06,21,RMNP,Ramannapet,613,2026-08-06 16:14:00.000000,50.0,2026-08-06 17:04:00.000000,real
12805,Janmabhoomi Express,2026-08-06,22,CHZ,Charlapalli,676,2026-08-06 18:05:00.000000,11.0,2026-08-06 18:16:00.000000,real
12805,Janmabhoomi Express,2026-08-06,23,SC,Secunderabad Jn,688,2026-08-06 18:25:00.000000,15.0,2026-08-06 18:40:00.000000,real
12805,Janmabhoomi Express,2026-08-06,24,BMT,Begumpet,693,2026-08-06 18:41:00.000000,1.0,2026-08-06 18:42:00.000000,real
12805,Janmabhoomi Express,2026-08-06,25,LPI,Lingampalli,711,2026-08-06 19:15:00.000000,13.0,2026-08-06 19:28:00.000000,real
12805,Janmabhoomi Express,2026-08-07,1,VSKP,Visakhapatnam Jn,0,2026-08-07 06:20:00.000000,,,real
12805,Janmabhoomi Express,2026-08-07,2,DVD,Duvvada,18,2026-08-07 06:43:00.000000,,,real
12805,Janmabhoomi Express,2026-08-07,3,AKP,Anakapalle,33,2026-08-07 06:58:00.000000,,,real
12805,Janmabhoomi Express,2026-08-07,4,YLM,Elamanchili,57,2026-08-07 07:13:00.000000,,,real
12805,Janmabhoomi Express,2026-08-07,5,TUNI,Tuni,97,2026-08-07 07:38:00.000000,,,real
12805,Janmabhoomi Express,2026-08-07,6,ANV,Annavaram,114,2026-08-07 07:58:00.000000,,,real
12805,Janmabhoomi Express,2026-08-07,7,SLO,Samalkot Jn,151,2026-08-07 08:33:00.000000,,,real
12805,Janmabhoomi Express,2026-08-07,8,APT,Anaparti,177,2026-08-07 08:49:00.000000,,,real
12805,Janmabhoomi Express,2026-08-07,9,RJY,Rajahmundry,201,2026-08-07 09:18:00.000000,,,real
12805,Janmabhoomi Express,2026-08-07,10,TDD,Tadepalligudem,243,2026-08-07 10:03:00.000000,,,real
12805,Janmabhoomi Express,2026-08-07,11,EE,Eluru,291,2026-08-07 10:43:00.000000,,,real
12805,Janmabhoomi Express,2026-08-07,12,NZD,Nuzvid,309,2026-08-07 11:03:00.000000,,,real
12805,Janmabhoomi Express,2026-08-07,13,BZA,Vijayawada Jn,350,2026-08-07 12:02:00.000000,,,real
12805,Janmabhoomi Express,2026-08-07,14,TEL,Tenali Jn,382,2026-08-07 12:45:00.000000,,,real
12805,Janmabhoomi Express,2026-08-07,15,GNT,Guntur Jn,407,2026-08-07 13:10:00.000000,,,real
12805,Janmabhoomi Express,2026-08-07,16,SAP,Sattenapalle,450,2026-08-07 13:56:00.000000,,,real
12805,Janmabhoomi Express,2026-08-07,17,PGRL,Piduguralla,480,2026-08-07 14:22:00.000000,,,real
12805,Janmabhoomi Express,2026-08-07,18,NDKD,Nadikode,502,2026-08-07 14:43:00.000000,,,real
12805,Janmabhoomi Express,2026-08-07,19,MRGA,Miryalaguda,541,2026-08-07 15:12:00.000000,,,real
12805,Janmabhoomi Express,2026-08-07,20,NLDA,Nalgonda,578,2026-08-07 15:42:00.000000,,,real
12805,Janmabhoomi Express,2026-08-07,21,RMNP,Ramannapet,613,2026-08-07 16:14:00.000000,,,real
12805,Janmabhoomi Express,2026-08-07,22,CHZ,Charlapalli,676,2026-08-07 18:05:00.000000,,,real
12805,Janmabhoomi Express,2026-08-07,23,SC,Secunderabad Jn,688,2026-08-07 18:25:00.000000,,,real
12805,Janmabhoomi Express,2026-08-07,24,BMT,Begumpet,693,2026-08-07 18:41:00.000000,,,real
12805,Janmabhoomi Express,2026-08-07,25,LPI,Lingampalli,711,2026-08-07 19:15:00.000000,,,real
12805,Janmabhoomi Express,2026-08-08,1,VSKP,Visakhapatnam Jn,0,2026-08-08 06:20:00.000000,,,real
12805,Janmabhoomi Express,2026-08-08,2,DVD,Duvvada,18,2026-08-08 06:43:00.000000,,,real
12805,Janmabhoomi Express,2026-08-08,3,AKP,Anakapalle,33,2026-08-08 06:58:00.000000,,,real
12805,Janmabhoomi Express,2026-08-08,4,YLM,Elamanchili,57,2026-08-08 07:13:00.000000,,,real
12805,Janmabhoomi Express,2026-08-08,5,TUNI,Tuni,97,2026-08-08 07:38:00.000000,,,real
12805,Janmabhoomi Express,2026-08-08,6,ANV,Annavaram,114,2026-08-08 07:58:00.000000,,,real
12805,Janmabhoomi Express,2026-08-08,7,SLO,Samalkot Jn,151,2026-08-08 08:33:00.000000,,,real
12805,Janmabhoomi Express,2026-08-08,8,APT,Anaparti,177,2026-08-08 08:49:00.000000,,,real
12805,Janmabhoomi Express,2026-08-08,9,RJY,Rajahmundry,201,2026-08-08 09:18:00.000000,,,real
12805,Janmabhoomi Express,2026-08-08,10,TDD,Tadepalligudem,243,2026-08-08 10:03:00.000000,,,real
12805,Janmabhoomi Express,2026-08-08,11,EE,Eluru,291,2026-08-08 10:43:00.000000,,,real
12805,Janmabhoomi Express,2026-08-08,12,NZD,Nuzvid,309,2026-08-08 11:03:00.000000,,,real
12805,Janmabhoomi Express,2026-08-08,13,BZA,Vijayawada Jn,350,2026-08-08 12:02:00.000000,,,real
12805,Janmabhoomi Express,2026-08-08,14,TEL,Tenali Jn,382,2026-08-08 12:45:00.000000,,,real
12805,Janmabhoomi Express,2026-08-08,15,GNT,Guntur Jn,407,2026-08-08 13:10:00.000000,,,real
12805,Janmabhoomi Express,2026-08-08,16,SAP,Sattenapalle,450,2026-08-08 13:56:00.000000,,,real
12805,Janmabhoomi Express,2026-08-08,17,PGRL,Piduguralla,480,2026-08-08 14:22:00.000000,,,real
12805,Janmabhoomi Express,2026-08-08,18,NDKD,Nadikode,502,2026-08-08 14:43:00.000000,,,real
12805,Janmabhoomi Express,2026-08-08,19,MRGA,Miryalaguda,541,2026-08-08 15:12:00.000000,,,real
12805,Janmabhoomi Express,2026-08-08,20,NLDA,Nalgonda,578,2026-08-08 15:42:00.000000,,,real
12805,Janmabhoomi Express,2026-08-08,21,RMNP,Ramannapet,613,2026-08-08 16:14:00.000000,,,real
12805,Janmabhoomi Express,2026-08-08,22,CHZ,Charlapalli,676,2026-08-08 18:05:00.000000,,,real
12805,Janmabhoomi Express,2026-08-08,23,SC,Secunderabad Jn,688,2026-08-08 18:25:00.000000,,,real
12805,Janmabhoomi Express,2026-08-08,24,BMT,Begumpet,693,2026-08-08 18:41:00.000000,,,real
12805,Janmabhoomi Express,2026-08-08,25,LPI,Lingampalli,711,2026-08-08 19:15:00.000000,,,real
12805,Janmabhoomi Express,2026-08-09,1,VSKP,Visakhapatnam Jn,0,2026-08-09 06:20:00.000000,,,real
12805,Janmabhoomi Express,2026-08-09,2,DVD,Duvvada,18,2026-08-09 06:43:00.000000,,,real
12805,Janmabhoomi Express,2026-08-09,3,AKP,Anakapalle,33,2026-08-09 06:58:00.000000,,,real
12805,Janmabhoomi Express,2026-08-09,4,YLM,Elamanchili,57,2026-08-09 07:13:00.000000,,,real
12805,Janmabhoomi Express,2026-08-09,5,TUNI,Tuni,97,2026-08-09 07:38:00.000000,,,real
12805,Janmabhoomi Express,2026-08-09,6,ANV,Annavaram,114,2026-08-09 07:58:00.000000,,,real
12805,Janmabhoomi Express,2026-08-09,7,SLO,Samalkot Jn,151,2026-08-09 08:33:00.000000,,,real
12805,Janmabhoomi Express,2026-08-09,8,APT,Anaparti,177,2026-08-09 08:49:00.000000,,,real
12805,Janmabhoomi Express,2026-08-09,9,RJY,Rajahmundry,201,2026-08-09 09:18:00.000000,,,real
12805,Janmabhoomi Express,2026-08-09,10,TDD,Tadepalligudem,243,2026-08-09 10:03:00.000000,,,real
12805,Janmabhoomi Express,2026-08-09,11,EE,Eluru,291,2026-08-09 10:43:00.000000,,,real
12805,Janmabhoomi Express,2026-08-09,12,NZD,Nuzvid,309,2026-08-09 11:03:00.000000,,,real
12805,Janmabhoomi Express,2026-08-09,13,BZA,Vijayawada Jn,350,2026-08-09 12:02:00.000000,,,real
12805,Janmabhoomi Express,2026-08-09,14,TEL,Tenali Jn,382,2026-08-09 12:45:00.000000,,,real
12805,Janmabhoomi Express,2026-08-09,15,GNT,Guntur Jn,407,2026-08-09 13:10:00.000000,,,real
12805,Janmabhoomi Express,2026-08-09,16,SAP,Sattenapalle,450,2026-08-09 13:56:00.000000,,,real
12805,Janmabhoomi Express,2026-08-09,17,PGRL,Piduguralla,480,2026-08-09 14:22:00.000000,,,real
12805,Janmabhoomi Express,2026-08-09,18,NDKD,Nadikode,502,2026-08-09 14:43:00.000000,,,real
12805,Janmabhoomi Express,2026-08-09,19,MRGA,Miryalaguda,541,2026-08-09 15:12:00.000000,,,real
12805,Janmabhoomi Express,2026-08-09,20,NLDA,Nalgonda,578,2026-08-09 15:42:00.000000,,,real
12805,Janmabhoomi Express,2026-08-09,21,RMNP,Ramannapet,613,2026-08-09 16:14:00.000000,,,real
12805,Janmabhoomi Express,2026-08-09,22,CHZ,Charlapalli,676,2026-08-09 18:05:00.000000,,,real
12805,Janmabhoomi Express,2026-08-09,23,SC,Secunderabad Jn,688,2026-08-09 18:25:00.000000,,,real
12805,Janmabhoomi Express,2026-08-09,24,BMT,Begumpet,693,2026-08-09 18:41:00.000000,,,real
12805,Janmabhoomi Express,2026-08-09,25,LPI,Lingampalli,711,2026-08-09 19:15:00.000000,,,real
12805,Janmabhoomi Express,2026-08-10,1,VSKP,Visakhapatnam Jn,0,2026-08-10 06:20:00.000000,,,real
12805,Janmabhoomi Express,2026-08-10,2,DVD,Duvvada,18,2026-08-10 06:43:00.000000,,,real
12805,Janmabhoomi Express,2026-08-10,3,AKP,Anakapalle,33,2026-08-10 06:58:00.000000,,,real
12805,Janmabhoomi Express,2026-08-10,4,YLM,Elamanchili,57,2026-08-10 07:13:00.000000,,,real
12805,Janmabhoomi Express,2026-08-10,5,TUNI,Tuni,97,2026-08-10 07:38:00.000000,,,real
12805,Janmabhoomi Express,2026-08-10,6,ANV,Annavaram,114,2026-08-10 07:58:00.000000,,,real
12805,Janmabhoomi Express,2026-08-10,7,SLO,Samalkot Jn,151,2026-08-10 08:33:00.000000,,,real
12805,Janmabhoomi Express,2026-08-10,8,APT,Anaparti,177,2026-08-10 08:49:00.000000,,,real
12805,Janmabhoomi Express,2026-08-10,9,RJY,Rajahmundry,201,2026-08-10 09:18:00.000000,,,real
12805,Janmabhoomi Express,2026-08-10,10,TDD,Tadepalligudem,243,2026-08-10 10:03:00.000000,,,real
12805,Janmabhoomi Express,2026-08-10,11,EE,Eluru,291,2026-08-10 10:43:00.000000,,,real
12805,Janmabhoomi Express,2026-08-10,12,NZD,Nuzvid,309,2026-08-10 11:03:00.000000,,,real
12805,Janmabhoomi Express,2026-08-10,13,BZA,Vijayawada Jn,350,2026-08-10 12:02:00.000000,,,real
12805,Janmabhoomi Express,2026-08-10,14,TEL,Tenali Jn,382,2026-08-10 12:45:00.000000,,,real
12805,Janmabhoomi Express,2026-08-10,15,GNT,Guntur Jn,407,2026-08-10 13:10:00.000000,,,real
12805,Janmabhoomi Express,2026-08-10,16,SAP,Sattenapalle,450,2026-08-10 13:56:00.000000,,,real
12805,Janmabhoomi Express,2026-08-10,17,PGRL,Piduguralla,480,2026-08-10 14:22:00.000000,,,real
12805,Janmabhoomi Express,2026-08-10,18,NDKD,Nadikode,502,2026-08-10 14:43:00.000000,,,real
12805,Janmabhoomi Express,2026-08-10,19,MRGA,Miryalaguda,541,2026-08-10 15:12:00.000000,,,real
12805,Janmabhoomi Express,2026-08-10,20,NLDA,Nalgonda,578,2026-08-10 15:42:00.000000,,,real
12805,Janmabhoomi Express,2026-08-10,21,RMNP,Ramannapet,613,2026-08-10 16:14:00.000000,,,real
12805,Janmabhoomi Express,2026-08-10,22,CHZ,Charlapalli,676,2026-08-10 18:05:00.000000,,,real
12805,Janmabhoomi Express,2026-08-10,23,SC,Secunderabad Jn,688,2026-08-10 18:25:00.000000,,,real
12805,Janmabhoomi Express,2026-08-10,24,BMT,Begumpet,693,2026-08-10 18:41:00.000000,,,real
12805,Janmabhoomi Express,2026-08-10,25,LPI,Lingampalli,711,2026-08-10 19:15:00.000000,,,real
12805,Janmabhoomi Express,2026-08-11,1,VSKP,Visakhapatnam Jn,0,2026-08-11 06:20:00.000000,,,real
12805,Janmabhoomi Express,2026-08-11,2,DVD,Duvvada,18,2026-08-11 06:43:00.000000,,,real
12805,Janmabhoomi Express,2026-08-11,3,AKP,Anakapalle,33,2026-08-11 06:58:00.000000,,,real
12805,Janmabhoomi Express,2026-08-11,4,YLM,Elamanchili,57,2026-08-11 07:13:00.000000,,,real
12805,Janmabhoomi Express,2026-08-11,5,TUNI,Tuni,97,2026-08-11 07:38:00.000000,,,real
12805,Janmabhoomi Express,2026-08-11,6,ANV,Annavaram,114,2026-08-11 07:58:00.000000,,,real
12805,Janmabhoomi Express,2026-08-11,7,SLO,Samalkot Jn,151,2026-08-11 08:33:00.000000,,,real
12805,Janmabhoomi Express,2026-08-11,8,APT,Anaparti,177,2026-08-11 08:49:00.000000,,,real
12805,Janmabhoomi Express,2026-08-11,9,RJY,Rajahmundry,201,2026-08-11 09:18:00.000000,,,real
12805,Janmabhoomi Express,2026-08-11,10,TDD,Tadepalligudem,243,2026-08-11 10:03:00.000000,,,real
12805,Janmabhoomi Express,2026-08-11,11,EE,Eluru,291,2026-08-11 10:43:00.000000,,,real
12805,Janmabhoomi Express,2026-08-11,12,NZD,Nuzvid,309,2026-08-11 11:03:00.000000,,,real
12805,Janmabhoomi Express,2026-08-11,13,BZA,Vijayawada Jn,350,2026-08-11 12:02:00.000000,,,real
12805,Janmabhoomi Express,2026-08-11,14,TEL,Tenali Jn,382,2026-08-11 12:45:00.000000,,,real
12805,Janmabhoomi Express,2026-08-11,15,GNT,Guntur Jn,407,2026-08-11 13:10:00.000000,,,real
12805,Janmabhoomi Express,2026-08-11,16,SAP,Sattenapalle,450,2026-08-11 13:56:00.000000,,,real
12805,Janmabhoomi Express,2026-08-11,17,PGRL,Piduguralla,480,2026-08-11 14:22:00.000000,,,real
12805,Janmabhoomi Express,2026-08-11,18,NDKD,Nadikode,502,2026-08-11 14:43:00.000000,,,real
12805,Janmabhoomi Express,2026-08-11,19,MRGA,Miryalaguda,541,2026-08-11 15:12:00.000000,,,real
12805,Janmabhoomi Express,2026-08-11,20,NLDA,Nalgonda,578,2026-08-11 15:42:00.000000,,,real
12805,Janmabhoomi Express,2026-08-11,21,RMNP,Ramannapet,613,2026-08-11 16:14:00.000000,,,real
12805,Janmabhoomi Express,2026-08-11,22,CHZ,Charlapalli,676,2026-08-11 18:05:00.000000,,,real
12805,Janmabhoomi Express,2026-08-11,23,SC,Secunderabad Jn,688,2026-08-11 18:25:00.000000,,,real
12805,Janmabhoomi Express,2026-08-11,24,BMT,Begumpet,693,2026-08-11 18:41:00.000000,,,real
12805,Janmabhoomi Express,2026-08-11,25,LPI,Lingampalli,711,2026-08-11 19:15:00.000000,,,real
12805,Janmabhoomi Express,2026-08-12,1,VSKP,Visakhapatnam Jn,0,2026-08-12 06:20:00.000000,,,real
12805,Janmabhoomi Express,2026-08-12,2,DVD,Duvvada,18,2026-08-12 06:43:00.000000,,,real
12805,Janmabhoomi Express,2026-08-12,3,AKP,Anakapalle,33,2026-08-12 06:58:00.000000,,,real
12805,Janmabhoomi Express,2026-08-12,4,YLM,Elamanchili,57,2026-08-12 07:13:00.000000,,,real
12805,Janmabhoomi Express,2026-08-12,5,TUNI,Tuni,97,2026-08-12 07:38:00.000000,,,real
12805,Janmabhoomi Express,2026-08-12,6,ANV,Annavaram,114,2026-08-12 07:58:00.000000,,,real
12805,Janmabhoomi Express,2026-08-12,7,SLO,Samalkot Jn,151,2026-08-12 08:33:00.000000,,,real
12805,Janmabhoomi Express,2026-08-12,8,APT,Anaparti,177,2026-08-12 08:49:00.000000,,,real
12805,Janmabhoomi Express,2026-08-12,9,RJY,Rajahmundry,201,2026-08-12 09:18:00.000000,,,real
12805,Janmabhoomi Express,2026-08-12,10,TDD,Tadepalligudem,243,2026-08-12 10:03:00.000000,,,real
12805,Janmabhoomi Express,2026-08-12,11,EE,Eluru,291,2026-08-12 10:43:00.000000,,,real
12805,Janmabhoomi Express,2026-08-12,12,NZD,Nuzvid,309,2026-08-12 11:03:00.000000,,,real
12805,Janmabhoomi Express,2026-08-12,13,BZA,Vijayawada Jn,350,2026-08-12 12:02:00.000000,,,real
12805,Janmabhoomi Express,2026-08-12,14,TEL,Tenali Jn,382,2026-08-12 12:45:00.000000,,,real
12805,Janmabhoomi Express,2026-08-12,15,GNT,Guntur Jn,407,2026-08-12 13:10:00.000000,,,real
12805,Janmabhoomi Express,2026-08-12,16,SAP,Sattenapalle,450,2026-08-12 13:56:00.000000,,,real
12805,Janmabhoomi Express,2026-08-12,17,PGRL,Piduguralla,480,2026-08-12 14:22:00.000000,,,real
12805,Janmabhoomi Express,2026-08-12,18,NDKD,Nadikode,502,2026-08-12 14:43:00.000000,,,real
12805,Janmabhoomi Express,2026-08-12,19,MRGA,Miryalaguda,541,2026-08-12 15:12:00.000000,,,real
12805,Janmabhoomi Express,2026-08-12,20,NLDA,Nalgonda,578,2026-08-12 15:42:00.000000,,,real
12805,Janmabhoomi Express,2026-08-12,21,RMNP,Ramannapet,613,2026-08-12 16:14:00.000000,,,real
12805,Janmabhoomi Express,2026-08-12,22,CHZ,Charlapalli,676,2026-08-12 18:05:00.000000,,,real
12805,Janmabhoomi Express,2026-08-12,23,SC,Secunderabad Jn,688,2026-08-12 18:25:00.000000,,,real
12805,Janmabhoomi Express,2026-08-12,24,BMT,Begumpet,693,2026-08-12 18:41:00.000000,,,real
12805,Janmabhoomi Express,2026-08-12,25,LPI,Lingampalli,711,2026-08-12 19:15:00.000000,,,real
12805,Janmabhoomi Express,2026-08-13,1,VSKP,Visakhapatnam Jn,0,2026-08-13 06:20:00.000000,,,real
12805,Janmabhoomi Express,2026-08-13,2,DVD,Duvvada,18,2026-08-13 06:43:00.000000,,,real
12805,Janmabhoomi Express,2026-08-13,3,AKP,Anakapalle,33,2026-08-13 06:58:00.000000,,,real
12805,Janmabhoomi Express,2026-08-13,4,YLM,Elamanchili,57,2026-08-13 07:13:00.000000,,,real
12805,Janmabhoomi Express,2026-08-13,5,TUNI,Tuni,97,2026-08-13 07:38:00.000000,,,real
12805,Janmabhoomi Express,2026-08-13,6,ANV,Annavaram,114,2026-08-13 07:58:00.000000,,,real
12805,Janmabhoomi Express,2026-08-13,7,SLO,Samalkot Jn,151,2026-08-13 08:33:00.000000,,,real
12805,Janmabhoomi Express,2026-08-13,8,APT,Anaparti,177,2026-08-13 08:49:00.000000,,,real
12805,Janmabhoomi Express,2026-08-13,9,RJY,Rajahmundry,201,2026-08-13 09:18:00.000000,,,real
12805,Janmabhoomi Express,2026-08-13,10,TDD,Tadepalligudem,243,2026-08-13 10:03:00.000000,,,real
12805,Janmabhoomi Express,2026-08-13,11,EE,Eluru,291,2026-08-13 10:43:00.000000,,,real
12805,Janmabhoomi Express,2026-08-13,12,NZD,Nuzvid,309,2026-08-13 11:03:00.000000,,,real
12805,Janmabhoomi Express,2026-08-13,13,BZA,Vijayawada Jn,350,2026-08-13 12:02:00.000000,,,real
12805,Janmabhoomi Express,2026-08-13,14,TEL,Tenali Jn,382,2026-08-13 12:45:00.000000,,,real
12805,Janmabhoomi Express,2026-08-13,15,GNT,Guntur Jn,407,2026-08-13 13:10:00.000000,,,real
12805,Janmabhoomi Express,2026-08-13,16,SAP,Sattenapalle,450,2026-08-13 13:56:00.000000,,,real
12805,Janmabhoomi Express,2026-08-13,17,PGRL,Piduguralla,480,2026-08-13 14:22:00.000000,,,real
12805,Janmabhoomi Express,2026-08-13,18,NDKD,Nadikode,502,2026-08-13 14:43:00.000000,,,real
12805,Janmabhoomi Express,2026-08-13,19,MRGA,Miryalaguda,541,2026-08-13 15:12:00.000000,,,real
12805,Janmabhoomi Express,2026-08-13,20,NLDA,Nalgonda,578,2026-08-13 15:42:00.000000,,,real
12805,Janmabhoomi Express,2026-08-13,21,RMNP,Ramannapet,613,2026-08-13 16:14:00.000000,,,real
12805,Janmabhoomi Express,2026-08-13,22,CHZ,Charlapalli,676,2026-08-13 18:05:00.000000,,,real
12805,Janmabhoomi Express,2026-08-13,23,SC,Secunderabad Jn,688,2026-08-13 18:25:00.000000,,,real
12805,Janmabhoomi Express,2026-08-13,24,BMT,Begumpet,693,2026-08-13 18:41:00.000000,,,real
12805,Janmabhoomi Express,2026-08-13,25,LPI,Lingampalli,711,2026-08-13 19:15:00.000000,,,real
12805,Janmabhoomi Express,2026-08-14,1,VSKP,Visakhapatnam Jn,0,2026-08-14 06:20:00.000000,,,real
12805,Janmabhoomi Express,2026-08-14,2,DVD,Duvvada,18,2026-08-14 06:43:00.000000,,,real
12805,Janmabhoomi Express,2026-08-14,3,AKP,Anakapalle,33,2026-08-14 06:58:00.000000,,,real
12805,Janmabhoomi Express,2026-08-14,4,YLM,Elamanchili,57,2026-08-14 07:13:00.000000,,,real
12805,Janmabhoomi Express,2026-08-14,5,TUNI,Tuni,97,2026-08-14 07:38:00.000000,,,real
12805,Janmabhoomi Express,2026-08-14,6,ANV,Annavaram,114,2026-08-14 07:58:00.000000,,,real
12805,Janmabhoomi Express,2026-08-14,7,SLO,Samalkot Jn,151,2026-08-14 08:33:00.000000,,,real
12805,Janmabhoomi Express,2026-08-14,8,APT,Anaparti,177,2026-08-14 08:49:00.000000,,,real
12805,Janmabhoomi Express,2026-08-14,9,RJY,Rajahmundry,201,2026-08-14 09:18:00.000000,,,real
12805,Janmabhoomi Express,2026-08-14,10,TDD,Tadepalligudem,243,2026-08-14 10:03:00.000000,,,real
12805,Janmabhoomi Express,2026-08-14,11,EE,Eluru,291,2026-08-14 10:43:00.000000,,,real
12805,Janmabhoomi Express,2026-08-14,12,NZD,Nuzvid,309,2026-08-14 11:03:00.000000,,,real
12805,Janmabhoomi Express,2026-08-14,13,BZA,Vijayawada Jn,350,2026-08-14 12:02:00.000000,,,real
12805,Janmabhoomi Express,2026-08-14,14,TEL,Tenali Jn,382,2026-08-14 12:45:00.000000,,,real
12805,Janmabhoomi Express,2026-08-14,15,GNT,Guntur Jn,407,2026-08-14 13:10:00.000000,,,real
12805,Janmabhoomi Express,2026-08-14,16,SAP,Sattenapalle,450,2026-08-14 13:56:00.000000,,,real
12805,Janmabhoomi Express,2026-08-14,17,PGRL,Piduguralla,480,2026-08-14 14:22:00.000000,,,real
12805,Janmabhoomi Express,2026-08-14,18,NDKD,Nadikode,502,2026-08-14 14:43:00.000000,,,real
12805,Janmabhoomi Express,2026-08-14,19,MRGA,Miryalaguda,541,2026-08-14 15:12:00.000000,,,real
12805,Janmabhoomi Express,2026-08-14,20,NLDA,Nalgonda,578,2026-08-14 15:42:00.000000,,,real
12805,Janmabhoomi Express,2026-08-14,21,RMNP,Ramannapet,613,2026-08-14 16:14:00.000000,,,real
12805,Janmabhoomi Express,2026-08-14,22,CHZ,Charlapalli,676,2026-08-14 18:05:00.000000,,,real
12805,Janmabhoomi Express,2026-08-14,23,SC,Secunderabad Jn,688,2026-08-14 18:25:00.000000,,,real
12805,Janmabhoomi Express,2026-08-14,24,BMT,Begumpet,693,2026-08-14 18:41:00.000000,,,real
12805,Janmabhoomi Express,2026-08-14,25,LPI,Lingampalli,711,2026-08-14 19:15:00.000000,,,real
12805,Janmabhoomi Express,2026-08-15,1,VSKP,Visakhapatnam Jn,0,2026-08-15 06:20:00.000000,,,real
12805,Janmabhoomi Express,2026-08-15,2,DVD,Duvvada,18,2026-08-15 06:43:00.000000,,,real
12805,Janmabhoomi Express,2026-08-15,3,AKP,Anakapalle,33,2026-08-15 06:58:00.000000,,,real
12805,Janmabhoomi Express,2026-08-15,4,YLM,Elamanchili,57,2026-08-15 07:13:00.000000,,,real
12805,Janmabhoomi Express,2026-08-15,5,TUNI,Tuni,97,2026-08-15 07:38:00.000000,,,real
12805,Janmabhoomi Express,2026-08-15,6,ANV,Annavaram,114,2026-08-15 07:58:00.000000,,,real
12805,Janmabhoomi Express,2026-08-15,7,SLO,Samalkot Jn,151,2026-08-15 08:33:00.000000,,,real
12805,Janmabhoomi Express,2026-08-15,8,APT,Anaparti,177,2026-08-15 08:49:00.000000,,,real
12805,Janmabhoomi Express,2026-08-15,9,RJY,Rajahmundry,201,2026-08-15 09:18:00.000000,,,real
12805,Janmabhoomi Express,2026-08-15,10,TDD,Tadepalligudem,243,2026-08-15 10:03:00.000000,,,real
12805,Janmabhoomi Express,2026-08-15,11,EE,Eluru,291,2026-08-15 10:43:00.000000,,,real
12805,Janmabhoomi Express,2026-08-15,12,NZD,Nuzvid,309,2026-08-15 11:03:00.000000,,,real
12805,Janmabhoomi Express,2026-08-15,13,BZA,Vijayawada Jn,350,2026-08-15 12:02:00.000000,,,real
12805,Janmabhoomi Express,2026-08-15,14,TEL,Tenali Jn,382,2026-08-15 12:45:00.000000,,,real
12805,Janmabhoomi Express,2026-08-15,15,GNT,Guntur Jn,407,2026-08-15 13:10:00.000000,,,real
12805,Janmabhoomi Express,2026-08-15,16,SAP,Sattenapalle,450,2026-08-15 13:56:00.000000,,,real
12805,Janmabhoomi Express,2026-08-15,17,PGRL,Piduguralla,480,2026-08-15 14:22:00.000000,,,real
12805,Janmabhoomi Express,2026-08-15,18,NDKD,Nadikode,502,2026-08-15 14:43:00.000000,,,real
12805,Janmabhoomi Express,2026-08-15,19,MRGA,Miryalaguda,541,2026-08-15 15:12:00.000000,,,real
12805,Janmabhoomi Express,2026-08-15,20,NLDA,Nalgonda,578,2026-08-15 15:42:00.000000,,,real
12805,Janmabhoomi Express,2026-08-15,21,RMNP,Ramannapet,613,2026-08-15 16:14:00.000000,,,real
12805,Janmabhoomi Express,2026-08-15,22,CHZ,Charlapalli,676,2026-08-15 18:05:00.000000,,,real
12805,Janmabhoomi Express,2026-08-15,23,SC,Secunderabad Jn,688,2026-08-15 18:25:00.000000,,,real
12805,Janmabhoomi Express,2026-08-15,24,BMT,Begumpet,693,2026-08-15 18:41:00.000000,,,real
12805,Janmabhoomi Express,2026-08-15,25,LPI,Lingampalli,711,2026-08-15 19:15:00.000000,,,real
12805,Janmabhoomi Express,2026-08-16,1,VSKP,Visakhapatnam Jn,0,2026-08-16 06:20:00.000000,,,real
12805,Janmabhoomi Express,2026-08-16,2,DVD,Duvvada,18,2026-08-16 06:43:00.000000,,,real
12805,Janmabhoomi Express,2026-08-16,3,AKP,Anakapalle,33,2026-08-16 06:58:00.000000,,,real
12805,Janmabhoomi Express,2026-08-16,4,YLM,Elamanchili,57,2026-08-16 07:13:00.000000,,,real
12805,Janmabhoomi Express,2026-08-16,5,TUNI,Tuni,97,2026-08-16 07:38:00.000000,,,real
12805,Janmabhoomi Express,2026-08-16,6,ANV,Annavaram,114,2026-08-16 07:58:00.000000,,,real
12805,Janmabhoomi Express,2026-08-16,7,SLO,Samalkot Jn,151,2026-08-16 08:33:00.000000,,,real
12805,Janmabhoomi Express,2026-08-16,8,APT,Anaparti,177,2026-08-16 08:49:00.000000,,,real
12805,Janmabhoomi Express,2026-08-16,9,RJY,Rajahmundry,201,2026-08-16 09:18:00.000000,,,real
12805,Janmabhoomi Express,2026-08-16,10,TDD,Tadepalligudem,243,2026-08-16 10:03:00.000000,,,real
12805,Janmabhoomi Express,2026-08-16,11,EE,Eluru,291,2026-08-16 10:43:00.000000,,,real
12805,Janmabhoomi Express,2026-08-16,12,NZD,Nuzvid,309,2026-08-16 11:03:00.000000,,,real
12805,Janmabhoomi Express,2026-08-16,13,BZA,Vijayawada Jn,350,2026-08-16 12:02:00.000000,,,real
12805,Janmabhoomi Express,2026-08-16,14,TEL,Tenali Jn,382,2026-08-16 12:45:00.000000,,,real
12805,Janmabhoomi Express,2026-08-16,15,GNT,Guntur Jn,407,2026-08-16 13:10:00.000000,,,real
12805,Janmabhoomi Express,2026-08-16,16,SAP,Sattenapalle,450,2026-08-16 13:56:00.000000,,,real
12805,Janmabhoomi Express,2026-08-16,17,PGRL,Piduguralla,480,2026-08-16 14:22:00.000000,,,real
12805,Janmabhoomi Express,2026-08-16,18,NDKD,Nadikode,502,2026-08-16 14:43:00.000000,,,real
12805,Janmabhoomi Express,2026-08-16,19,MRGA,Miryalaguda,541,2026-08-16 15:12:00.000000,,,real
12805,Janmabhoomi Express,2026-08-16,20,NLDA,Nalgonda,578,2026-08-16 15:42:00.000000,,,real
12805,Janmabhoomi Express,2026-08-16,21,RMNP,Ramannapet,613,2026-08-16 16:14:00.000000,,,real
12805,Janmabhoomi Express,2026-08-16,22,CHZ,Charlapalli,676,2026-08-16 18:05:00.000000,,,real
12805,Janmabhoomi Express,2026-08-16,23,SC,Secunderabad Jn,688,2026-08-16 18:25:00.000000,,,real
12805,Janmabhoomi Express,2026-08-16,24,BMT,Begumpet,693,2026-08-16 18:41:00.000000,,,real
12805,Janmabhoomi Express,2026-08-16,25,LPI,Lingampalli,711,2026-08-16 19:15:00.000000,,,real
12805,Janmabhoomi Express,2026-08-17,1,VSKP,Visakhapatnam Jn,0,2026-08-17 06:20:00.000000,,,real
12805,Janmabhoomi Express,2026-08-17,2,DVD,Duvvada,18,2026-08-17 06:43:00.000000,,,real
12805,Janmabhoomi Express,2026-08-17,3,AKP,Anakapalle,33,2026-08-17 06:58:00.000000,,,real
12805,Janmabhoomi Express,2026-08-17,4,YLM,Elamanchili,57,2026-08-17 07:13:00.000000,,,real
12805,Janmabhoomi Express,2026-08-17,5,TUNI,Tuni,97,2026-08-17 07:38:00.000000,,,real
12805,Janmabhoomi Express,2026-08-17,6,ANV,Annavaram,114,2026-08-17 07:58:00.000000,,,real
12805,Janmabhoomi Express,2026-08-17,7,SLO,Samalkot Jn,151,2026-08-17 08:33:00.000000,,,real
12805,Janmabhoomi Express,2026-08-17,8,APT,Anaparti,177,2026-08-17 08:49:00.000000,,,real
12805,Janmabhoomi Express,2026-08-17,9,RJY,Rajahmundry,201,2026-08-17 09:18:00.000000,,,real
12805,Janmabhoomi Express,2026-08-17,10,TDD,Tadepalligudem,243,2026-08-17 10:03:00.000000,,,real
12805,Janmabhoomi Express,2026-08-17,11,EE,Eluru,291,2026-08-17 10:43:00.000000,,,real
12805,Janmabhoomi Express,2026-08-17,12,NZD,Nuzvid,309,2026-08-17 11:03:00.000000,,,real
12805,Janmabhoomi Express,2026-08-17,13,BZA,Vijayawada Jn,350,2026-08-17 12:02:00.000000,,,real
12805,Janmabhoomi Express,2026-08-17,14,TEL,Tenali Jn,382,2026-08-17 12:45:00.000000,,,real
12805,Janmabhoomi Express,2026-08-17,15,GNT,Guntur Jn,407,2026-08-17 13:10:00.000000,,,real
12805,Janmabhoomi Express,2026-08-17,16,SAP,Sattenapalle,450,2026-08-17 13:56:00.000000,,,real
12805,Janmabhoomi Express,2026-08-17,17,PGRL,Piduguralla,480,2026-08-17 14:22:00.000000,,,real
12805,Janmabhoomi Express,2026-08-17,18,NDKD,Nadikode,502,2026-08-17 14:43:00.000000,,,real
12805,Janmabhoomi Express,2026-08-17,19,MRGA,Miryalaguda,541,2026-08-17 15:12:00.000000,,,real
12805,Janmabhoomi Express,2026-08-17,20,NLDA,Nalgonda,578,2026-08-17 15:42:00.000000,,,real
12805,Janmabhoomi Express,2026-08-17,21,RMNP,Ramannapet,613,2026-08-17 16:14:00.000000,,,real
12805,Janmabhoomi Express,2026-08-17,22,CHZ,Charlapalli,676,2026-08-17 18:05:00.000000,,,real
12805,Janmabhoomi Express,2026-08-17,23,SC,Secunderabad Jn,688,2026-08-17 18:25:00.000000,,,real
12805,Janmabhoomi Express,2026-08-17,24,BMT,Begumpet,693,2026-08-17 18:41:00.000000,,,real
12805,Janmabhoomi Express,2026-08-17,25,LPI,Lingampalli,711,2026-08-17 19:15:00.000000,,,real
12805,Janmabhoomi Express,2026-08-18,1,VSKP,Visakhapatnam Jn,0,2026-08-18 06:20:00.000000,,,real
12805,Janmabhoomi Express,2026-08-18,2,DVD,Duvvada,18,2026-08-18 06:43:00.000000,,,real
12805,Janmabhoomi Express,2026-08-18,3,AKP,Anakapalle,33,2026-08-18 06:58:00.000000,,,real
12805,Janmabhoomi Express,2026-08-18,4,YLM,Elamanchili,57,2026-08-18 07:13:00.000000,,,real
12805,Janmabhoomi Express,2026-08-18,5,TUNI,Tuni,97,2026-08-18 07:38:00.000000,,,real
12805,Janmabhoomi Express,2026-08-18,6,ANV,Annavaram,114,2026-08-18 07:58:00.000000,,,real
12805,Janmabhoomi Express,2026-08-18,7,SLO,Samalkot Jn,151,2026-08-18 08:33:00.000000,,,real
12805,Janmabhoomi Express,2026-08-18,8,APT,Anaparti,177,2026-08-18 08:49:00.000000,,,real
12805,Janmabhoomi Express,2026-08-18,9,RJY,Rajahmundry,201,2026-08-18 09:18:00.000000,,,real
12805,Janmabhoomi Express,2026-08-18,10,TDD,Tadepalligudem,243,2026-08-18 10:03:00.000000,,,real
12805,Janmabhoomi Express,2026-08-18,11,EE,Eluru,291,2026-08-18 10:43:00.000000,,,real
12805,Janmabhoomi Express,2026-08-18,12,NZD,Nuzvid,309,2026-08-18 11:03:00.000000,,,real
12805,Janmabhoomi Express,2026-08-18,13,BZA,Vijayawada Jn,350,2026-08-18 12:02:00.000000,,,real
12805,Janmabhoomi Express,2026-08-18,14,TEL,Tenali Jn,382,2026-08-18 12:45:00.000000,,,real
12805,Janmabhoomi Express,2026-08-18,15,GNT,Guntur Jn,407,2026-08-18 13:10:00.000000,,,real
12805,Janmabhoomi Express,2026-08-18,16,SAP,Sattenapalle,450,2026-08-18 13:56:00.000000,,,real
12805,Janmabhoomi Express,2026-08-18,17,PGRL,Piduguralla,480,2026-08-18 14:22:00.000000,,,real
12805,Janmabhoomi Express,2026-08-18,18,NDKD,Nadikode,502,2026-08-18 14:43:00.000000,,,real
12805,Janmabhoomi Express,2026-08-18,19,MRGA,Miryalaguda,541,2026-08-18 15:12:00.000000,,,real
12805,Janmabhoomi Express,2026-08-18,20,NLDA,Nalgonda,578,2026-08-18 15:42:00.000000,,,real
12805,Janmabhoomi Express,2026-08-18,21,RMNP,Ramannapet,613,2026-08-18 16:14:00.000000,,,real
12805,Janmabhoomi Express,2026-08-18,22,CHZ,Charlapalli,676,2026-08-18 18:05:00.000000,,,real
12805,Janmabhoomi Express,2026-08-18,23,SC,Secunderabad Jn,688,2026-08-18 18:25:00.000000,,,real
12805,Janmabhoomi Express,2026-08-18,24,BMT,Begumpet,693,2026-08-18 18:41:00.000000,,,real
12805,Janmabhoomi Express,2026-08-18,25,LPI,Lingampalli,711,2026-08-18 19:15:00.000000,,,real
12805,Janmabhoomi Express,2026-08-19,1,VSKP,Visakhapatnam Jn,0,2026-08-19 06:20:00.000000,,,real
12805,Janmabhoomi Express,2026-08-19,2,DVD,Duvvada,18,2026-08-19 06:43:00.000000,,,real
12805,Janmabhoomi Express,2026-08-19,3,AKP,Anakapalle,33,2026-08-19 06:58:00.000000,,,real
12805,Janmabhoomi Express,2026-08-19,4,YLM,Elamanchili,57,2026-08-19 07:13:00.000000,,,real
12805,Janmabhoomi Express,2026-08-19,5,TUNI,Tuni,97,2026-08-19 07:38:00.000000,,,real
12805,Janmabhoomi Express,2026-08-19,6,ANV,Annavaram,114,2026-08-19 07:58:00.000000,,,real
12805,Janmabhoomi Express,2026-08-19,7,SLO,Samalkot Jn,151,2026-08-19 08:33:00.000000,,,real
12805,Janmabhoomi Express,2026-08-19,8,APT,Anaparti,177,2026-08-19 08:49:00.000000,,,real
12805,Janmabhoomi Express,2026-08-19,9,RJY,Rajahmundry,201,2026-08-19 09:18:00.000000,,,real
12805,Janmabhoomi Express,2026-08-19,10,TDD,Tadepalligudem,243,2026-08-19 10:03:00.000000,,,real
12805,Janmabhoomi Express,2026-08-19,11,EE,Eluru,291,2026-08-19 10:43:00.000000,,,real
12805,Janmabhoomi Express,2026-08-19,12,NZD,Nuzvid,309,2026-08-19 11:03:00.000000,,,real
12805,Janmabhoomi Express,2026-08-19,13,BZA,Vijayawada Jn,350,2026-08-19 12:02:00.000000,,,real
12805,Janmabhoomi Express,2026-08-19,14,TEL,Tenali Jn,382,2026-08-19 12:45:00.000000,,,real
12805,Janmabhoomi Express,2026-08-19,15,GNT,Guntur Jn,407,2026-08-19 13:10:00.000000,,,real
12805,Janmabhoomi Express,2026-08-19,16,SAP,Sattenapalle,450,2026-08-19 13:56:00.000000,,,real
12805,Janmabhoomi Express,2026-08-19,17,PGRL,Piduguralla,480,2026-08-19 14:22:00.000000,,,real
12805,Janmabhoomi Express,2026-08-19,18,NDKD,Nadikode,502,2026-08-19 14:43:00.000000,,,real
12805,Janmabhoomi Express,2026-08-19,19,MRGA,Miryalaguda,541,2026-08-19 15:12:00.000000,,,real
12805,Janmabhoomi Express,2026-08-19,20,NLDA,Nalgonda,578,2026-08-19 15:42:00.000000,,,real
12805,Janmabhoomi Express,2026-08-19,21,RMNP,Ramannapet,613,2026-08-19 16:14:00.000000,,,real
12805,Janmabhoomi Express,2026-08-19,22,CHZ,Charlapalli,676,2026-08-19 18:05:00.000000,,,real
12805,Janmabhoomi Express,2026-08-19,23,SC,Secunderabad Jn,688,2026-08-19 18:25:00.000000,,,real
12805,Janmabhoomi Express,2026-08-19,24,BMT,Begumpet,693,2026-08-19 18:41:00.000000,,,real
12805,Janmabhoomi Express,2026-08-19,25,LPI,Lingampalli,711,2026-08-19 19:15:00.000000,,,real
12805,Janmabhoomi Express,2026-08-20,1,VSKP,Visakhapatnam Jn,0,2026-08-20 06:20:00.000000,,,real
12805,Janmabhoomi Express,2026-08-20,2,DVD,Duvvada,18,2026-08-20 06:43:00.000000,,,real
12805,Janmabhoomi Express,2026-08-20,3,AKP,Anakapalle,33,2026-08-20 06:58:00.000000,,,real
12805,Janmabhoomi Express,2026-08-20,4,YLM,Elamanchili,57,2026-08-20 07:13:00.000000,,,real
12805,Janmabhoomi Express,2026-08-20,5,TUNI,Tuni,97,2026-08-20 07:38:00.000000,,,real
12805,Janmabhoomi Express,2026-08-20,6,ANV,Annavaram,114,2026-08-20 07:58:00.000000,,,real
12805,Janmabhoomi Express,2026-08-20,7,SLO,Samalkot Jn,151,2026-08-20 08:33:00.000000,,,real
12805,Janmabhoomi Express,2026-08-20,8,APT,Anaparti,177,2026-08-20 08:49:00.000000,,,real
12805,Janmabhoomi Express,2026-08-20,9,RJY,Rajahmundry,201,2026-08-20 09:18:00.000000,,,real
12805,Janmabhoomi Express,2026-08-20,10,TDD,Tadepalligudem,243,2026-08-20 10:03:00.000000,,,real
12805,Janmabhoomi Express,2026-08-20,11,EE,Eluru,291,2026-08-20 10:43:00.000000,,,real
12805,Janmabhoomi Express,2026-08-20,12,NZD,Nuzvid,309,2026-08-20 11:03:00.000000,,,real
12805,Janmabhoomi Express,2026-08-20,13,BZA,Vijayawada Jn,350,2026-08-20 12:02:00.000000,,,real
12805,Janmabhoomi Express,2026-08-20,14,TEL,Tenali Jn,382,2026-08-20 12:45:00.000000,,,real
12805,Janmabhoomi Express,2026-08-20,15,GNT,Guntur Jn,407,2026-08-20 13:10:00.000000,,,real
12805,Janmabhoomi Express,2026-08-20,16,SAP,Sattenapalle,450,2026-08-20 13:56:00.000000,,,real
12805,Janmabhoomi Express,2026-08-20,17,PGRL,Piduguralla,480,2026-08-20 14:22:00.000000,,,real
12805,Janmabhoomi Express,2026-08-20,18,NDKD,Nadikode,502,2026-08-20 14:43:00.000000,,,real
12805,Janmabhoomi Express,2026-08-20,19,MRGA,Miryalaguda,541,2026-08-20 15:12:00.000000,,,real
12805,Janmabhoomi Express,2026-08-20,20,NLDA,Nalgonda,578,2026-08-20 15:42:00.000000,,,real
12805,Janmabhoomi Express,2026-08-20,21,RMNP,Ramannapet,613,2026-08-20 16:14:00.000000,,,real
12805,Janmabhoomi Express,2026-08-20,22,CHZ,Charlapalli,676,2026-08-20 18:05:00.000000,,,real
12805,Janmabhoomi Express,2026-08-20,23,SC,Secunderabad Jn,688,2026-08-20 18:25:00.000000,,,real
12805,Janmabhoomi Express,2026-08-20,24,BMT,Begumpet,693,2026-08-20 18:41:00.000000,,,real
12805,Janmabhoomi Express,2026-08-20,25,LPI,Lingampalli,711,2026-08-20 19:15:00.000000,,,real
12805,Janmabhoomi Express,2026-08-21,1,VSKP,Visakhapatnam Jn,0,2026-08-21 06:20:00.000000,,,real
12805,Janmabhoomi Express,2026-08-21,2,DVD,Duvvada,18,2026-08-21 06:43:00.000000,,,real
12805,Janmabhoomi Express,2026-08-21,3,AKP,Anakapalle,33,2026-08-21 06:58:00.000000,,,real
12805,Janmabhoomi Express,2026-08-21,4,YLM,Elamanchili,57,2026-08-21 07:13:00.000000,,,real
12805,Janmabhoomi Express,2026-08-21,5,TUNI,Tuni,97,2026-08-21 07:38:00.000000,,,real
12805,Janmabhoomi Express,2026-08-21,6,ANV,Annavaram,114,2026-08-21 07:58:00.000000,,,real
12805,Janmabhoomi Express,2026-08-21,7,SLO,Samalkot Jn,151,2026-08-21 08:33:00.000000,,,real
12805,Janmabhoomi Express,2026-08-21,8,APT,Anaparti,177,2026-08-21 08:49:00.000000,,,real
12805,Janmabhoomi Express,2026-08-21,9,RJY,Rajahmundry,201,2026-08-21 09:18:00.000000,,,real
12805,Janmabhoomi Express,2026-08-21,10,TDD,Tadepalligudem,243,2026-08-21 10:03:00.000000,,,real
12805,Janmabhoomi Express,2026-08-21,11,EE,Eluru,291,2026-08-21 10:43:00.000000,,,real
12805,Janmabhoomi Express,2026-08-21,12,NZD,Nuzvid,309,2026-08-21 11:03:00.000000,,,real
12805,Janmabhoomi Express,2026-08-21,13,BZA,Vijayawada Jn,350,2026-08-21 12:02:00.000000,,,real
12805,Janmabhoomi Express,2026-08-21,14,TEL,Tenali Jn,382,2026-08-21 12:45:00.000000,,,real
12805,Janmabhoomi Express,2026-08-21,15,GNT,Guntur Jn,407,2026-08-21 13:10:00.000000,,,real
12805,Janmabhoomi Express,2026-08-21,16,SAP,Sattenapalle,450,2026-08-21 13:56:00.000000,,,real
12805,Janmabhoomi Express,2026-08-21,17,PGRL,Piduguralla,480,2026-08-21 14:22:00.000000,,,real
12805,Janmabhoomi Express,2026-08-21,18,NDKD,Nadikode,502,2026-08-21 14:43:00.000000,,,real
12805,Janmabhoomi Express,2026-08-21,19,MRGA,Miryalaguda,541,2026-08-21 15:12:00.000000,,,real
12805,Janmabhoomi Express,2026-08-21,20,NLDA,Nalgonda,578,2026-08-21 15:42:00.000000,,,real
12805,Janmabhoomi Express,2026-08-21,21,RMNP,Ramannapet,613,2026-08-21 16:14:00.000000,,,real
12805,Janmabhoomi Express,2026-08-21,22,CHZ,Charlapalli,676,2026-08-21 18:05:00.000000,,,real
12805,Janmabhoomi Express,2026-08-21,23,SC,Secunderabad Jn,688,2026-08-21 18:25:00.000000,,,real
12805,Janmabhoomi Express,2026-08-21,24,BMT,Begumpet,693,2026-08-21 18:41:00.000000,,,real
12805,Janmabhoomi Express,2026-08-21,25,LPI,Lingampalli,711,2026-08-21 19:15:00.000000,,,real
12805,Janmabhoomi Express,2026-08-22,1,VSKP,Visakhapatnam Jn,0,2026-08-22 06:20:00.000000,,,real
12805,Janmabhoomi Express,2026-08-22,2,DVD,Duvvada,18,2026-08-22 06:43:00.000000,,,real
12805,Janmabhoomi Express,2026-08-22,3,AKP,Anakapalle,33,2026-08-22 06:58:00.000000,,,real
12805,Janmabhoomi Express,2026-08-22,4,YLM,Elamanchili,57,2026-08-22 07:13:00.000000,,,real
12805,Janmabhoomi Express,2026-08-22,5,TUNI,Tuni,97,2026-08-22 07:38:00.000000,,,real
12805,Janmabhoomi Express,2026-08-22,6,ANV,Annavaram,114,2026-08-22 07:58:00.000000,,,real
12805,Janmabhoomi Express,2026-08-22,7,SLO,Samalkot Jn,151,2026-08-22 08:33:00.000000,,,real
12805,Janmabhoomi Express,2026-08-22,8,APT,Anaparti,177,2026-08-22 08:49:00.000000,,,real
12805,Janmabhoomi Express,2026-08-22,9,RJY,Rajahmundry,201,2026-08-22 09:18:00.000000,,,real
12805,Janmabhoomi Express,2026-08-22,10,TDD,Tadepalligudem,243,2026-08-22 10:03:00.000000,,,real
12805,Janmabhoomi Express,2026-08-22,11,EE,Eluru,291,2026-08-22 10:43:00.000000,,,real
12805,Janmabhoomi Express,2026-08-22,12,NZD,Nuzvid,309,2026-08-22 11:03:00.000000,,,real
12805,Janmabhoomi Express,2026-08-22,13,BZA,Vijayawada Jn,350,2026-08-22 12:02:00.000000,,,real
12805,Janmabhoomi Express,2026-08-22,14,TEL,Tenali Jn,382,2026-08-22 12:45:00.000000,,,real
12805,Janmabhoomi Express,2026-08-22,15,GNT,Guntur Jn,407,2026-08-22 13:10:00.000000,,,real
12805,Janmabhoomi Express,2026-08-22,16,SAP,Sattenapalle,450,2026-08-22 13:56:00.000000,,,real
12805,Janmabhoomi Express,2026-08-22,17,PGRL,Piduguralla,480,2026-08-22 14:22:00.000000,,,real
12805,Janmabhoomi Express,2026-08-22,18,NDKD,Nadikode,502,2026-08-22 14:43:00.000000,,,real
12805,Janmabhoomi Express,2026-08-22,19,MRGA,Miryalaguda,541,2026-08-22 15:12:00.000000,,,real
12805,Janmabhoomi Express,2026-08-22,20,NLDA,Nalgonda,578,2026-08-22 15:42:00.000000,,,real
12805,Janmabhoomi Express,2026-08-22,21,RMNP,Ramannapet,613,2026-08-22 16:14:00.000000,,,real
12805,Janmabhoomi Express,2026-08-22,22,CHZ,Charlapalli,676,2026-08-22 18:05:00.000000,,,real
12805,Janmabhoomi Express,2026-08-22,23,SC,Secunderabad Jn,688,2026-08-22 18:25:00.000000,,,real
12805,Janmabhoomi Express,2026-08-22,24,BMT,Begumpet,693,2026-08-22 18:41:00.000000,,,real
12805,Janmabhoomi Express,2026-08-22,25,LPI,Lingampalli,711,2026-08-22 19:15:00.000000,,,real
12805,Janmabhoomi Express,2026-08-23,1,VSKP,Visakhapatnam Jn,0,2026-08-23 06:20:00.000000,,,real
12805,Janmabhoomi Express,2026-08-23,2,DVD,Duvvada,18,2026-08-23 06:43:00.000000,,,real
12805,Janmabhoomi Express,2026-08-23,3,AKP,Anakapalle,33,2026-08-23 06:58:00.000000,,,real
12805,Janmabhoomi Express,2026-08-23,4,YLM,Elamanchili,57,2026-08-23 07:13:00.000000,,,real
12805,Janmabhoomi Express,2026-08-23,5,TUNI,Tuni,97,2026-08-23 07:38:00.000000,,,real
12805,Janmabhoomi Express,2026-08-23,6,ANV,Annavaram,114,2026-08-23 07:58:00.000000,,,real
12805,Janmabhoomi Express,2026-08-23,7,SLO,Samalkot Jn,151,2026-08-23 08:33:00.000000,,,real
12805,Janmabhoomi Express,2026-08-23,8,APT,Anaparti,177,2026-08-23 08:49:00.000000,,,real
12805,Janmabhoomi Express,2026-08-23,9,RJY,Rajahmundry,201,2026-08-23 09:18:00.000000,,,real
12805,Janmabhoomi Express,2026-08-23,10,TDD,Tadepalligudem,243,2026-08-23 10:03:00.000000,,,real
12805,Janmabhoomi Express,2026-08-23,11,EE,Eluru,291,2026-08-23 10:43:00.000000,,,real
12805,Janmabhoomi Express,2026-08-23,12,NZD,Nuzvid,309,2026-08-23 11:03:00.000000,,,real
12805,Janmabhoomi Express,2026-08-23,13,BZA,Vijayawada Jn,350,2026-08-23 12:02:00.000000,,,real
12805,Janmabhoomi Express,2026-08-23,14,TEL,Tenali Jn,382,2026-08-23 12:45:00.000000,,,real
12805,Janmabhoomi Express,2026-08-23,15,GNT,Guntur Jn,407,2026-08-23 13:10:00.000000,,,real
12805,Janmabhoomi Express,2026-08-23,16,SAP,Sattenapalle,450,2026-08-23 13:56:00.000000,,,real
12805,Janmabhoomi Express,2026-08-23,17,PGRL,Piduguralla,480,2026-08-23 14:22:00.000000,,,real
12805,Janmabhoomi Express,2026-08-23,18,NDKD,Nadikode,502,2026-08-23 14:43:00.000000,,,real
12805,Janmabhoomi Express,2026-08-23,19,MRGA,Miryalaguda,541,2026-08-23 15:12:00.000000,,,real
12805,Janmabhoomi Express,2026-08-23,20,NLDA,Nalgonda,578,2026-08-23 15:42:00.000000,,,real
12805,Janmabhoomi Express,2026-08-23,21,RMNP,Ramannapet,613,2026-08-23 16:14:00.000000,,,real
12805,Janmabhoomi Express,2026-08-23,22,CHZ,Charlapalli,676,2026-08-23 18:05:00.000000,,,real
12805,Janmabhoomi Express,2026-08-23,23,SC,Secunderabad Jn,688,2026-08-23 18:25:00.000000,,,real
12805,Janmabhoomi Express,2026-08-23,24,BMT,Begumpet,693,2026-08-23 18:41:00.000000,,,real
12805,Janmabhoomi Express,2026-08-23,25,LPI,Lingampalli,711,2026-08-23 19:15:00.000000,,,real
12805,Janmabhoomi Express,2026-08-24,1,VSKP,Visakhapatnam Jn,0,2026-08-24 06:20:00.000000,,,real
12805,Janmabhoomi Express,2026-08-24,2,DVD,Duvvada,18,2026-08-24 06:43:00.000000,,,real
12805,Janmabhoomi Express,2026-08-24,3,AKP,Anakapalle,33,2026-08-24 06:58:00.000000,,,real
12805,Janmabhoomi Express,2026-08-24,4,YLM,Elamanchili,57,2026-08-24 07:13:00.000000,,,real
12805,Janmabhoomi Express,2026-08-24,5,TUNI,Tuni,97,2026-08-24 07:38:00.000000,,,real
12805,Janmabhoomi Express,2026-08-24,6,ANV,Annavaram,114,2026-08-24 07:58:00.000000,,,real
12805,Janmabhoomi Express,2026-08-24,7,SLO,Samalkot Jn,151,2026-08-24 08:33:00.000000,,,real
12805,Janmabhoomi Express,2026-08-24,8,APT,Anaparti,177,2026-08-24 08:49:00.000000,,,real
12805,Janmabhoomi Express,2026-08-24,9,RJY,Rajahmundry,201,2026-08-24 09:18:00.000000,,,real
12805,Janmabhoomi Express,2026-08-24,10,TDD,Tadepalligudem,243,2026-08-24 10:03:00.000000,,,real
12805,Janmabhoomi Express,2026-08-24,11,EE,Eluru,291,2026-08-24 10:43:00.000000,,,real
12805,Janmabhoomi Express,2026-08-24,12,NZD,Nuzvid,309,2026-08-24 11:03:00.000000,,,real
12805,Janmabhoomi Express,2026-08-24,13,BZA,Vijayawada Jn,350,2026-08-24 12:02:00.000000,,,real
12805,Janmabhoomi Express,2026-08-24,14,TEL,Tenali Jn,382,2026-08-24 12:45:00.000000,,,real
12805,Janmabhoomi Express,2026-08-24,15,GNT,Guntur Jn,407,2026-08-24 13:10:00.000000,,,real
12805,Janmabhoomi Express,2026-08-24,16,SAP,Sattenapalle,450,2026-08-24 13:56:00.000000,,,real
12805,Janmabhoomi Express,2026-08-24,17,PGRL,Piduguralla,480,2026-08-24 14:22:00.000000,,,real
12805,Janmabhoomi Express,2026-08-24,18,NDKD,Nadikode,502,2026-08-24 14:43:00.000000,,,real
12805,Janmabhoomi Express,2026-08-24,19,MRGA,Miryalaguda,541,2026-08-24 15:12:00.000000,,,real
12805,Janmabhoomi Express,2026-08-24,20,NLDA,Nalgonda,578,2026-08-24 15:42:00.000000,,,real
12805,Janmabhoomi Express,2026-08-24,21,RMNP,Ramannapet,613,2026-08-24 16:14:00.000000,,,real
12805,Janmabhoomi Express,2026-08-24,22,CHZ,Charlapalli,676,2026-08-24 18:05:00.000000,,,real
12805,Janmabhoomi Express,2026-08-24,23,SC,Secunderabad Jn,688,2026-08-24 18:25:00.000000,,,real
12805,Janmabhoomi Express,2026-08-24,24,BMT,Begumpet,693,2026-08-24 18:41:00.000000,,,real
12805,Janmabhoomi Express,2026-08-24,25,LPI,Lingampalli,711,2026-08-24 19:15:00.000000,,,real
12805,Janmabhoomi Express,2026-08-25,1,VSKP,Visakhapatnam Jn,0,2026-08-25 06:20:00.000000,,,real
12805,Janmabhoomi Express,2026-08-25,2,DVD,Duvvada,18,2026-08-25 06:43:00.000000,,,real
12805,Janmabhoomi Express,2026-08-25,3,AKP,Anakapalle,33,2026-08-25 06:58:00.000000,,,real
12805,Janmabhoomi Express,2026-08-25,4,YLM,Elamanchili,57,2026-08-25 07:13:00.000000,,,real
12805,Janmabhoomi Express,2026-08-25,5,TUNI,Tuni,97,2026-08-25 07:38:00.000000,,,real
12805,Janmabhoomi Express,2026-08-25,6,ANV,Annavaram,114,2026-08-25 07:58:00.000000,,,real
12805,Janmabhoomi Express,2026-08-25,7,SLO,Samalkot Jn,151,2026-08-25 08:33:00.000000,,,real
12805,Janmabhoomi Express,2026-08-25,8,APT,Anaparti,177,2026-08-25 08:49:00.000000,,,real
12805,Janmabhoomi Express,2026-08-25,9,RJY,Rajahmundry,201,2026-08-25 09:18:00.000000,,,real
12805,Janmabhoomi Express,2026-08-25,10,TDD,Tadepalligudem,243,2026-08-25 10:03:00.000000,,,real
12805,Janmabhoomi Express,2026-08-25,11,EE,Eluru,291,2026-08-25 10:43:00.000000,,,real
12805,Janmabhoomi Express,2026-08-25,12,NZD,Nuzvid,309,2026-08-25 11:03:00.000000,,,real
12805,Janmabhoomi Express,2026-08-25,13,BZA,Vijayawada Jn,350,2026-08-25 12:02:00.000000,,,real
12805,Janmabhoomi Express,2026-08-25,14,TEL,Tenali Jn,382,2026-08-25 12:45:00.000000,,,real
12805,Janmabhoomi Express,2026-08-25,15,GNT,Guntur Jn,407,2026-08-25 13:10:00.000000,,,real
12805,Janmabhoomi Express,2026-08-25,16,SAP,Sattenapalle,450,2026-08-25 13:56:00.000000,,,real
12805,Janmabhoomi Express,2026-08-25,17,PGRL,Piduguralla,480,2026-08-25 14:22:00.000000,,,real
12805,Janmabhoomi Express,2026-08-25,18,NDKD,Nadikode,502,2026-08-25 14:43:00.000000,,,real
12805,Janmabhoomi Express,2026-08-25,19,MRGA,Miryalaguda,541,2026-08-25 15:12:00.000000,,,real
12805,Janmabhoomi Express,2026-08-25,20,NLDA,Nalgonda,578,2026-08-25 15:42:00.000000,,,real
12805,Janmabhoomi Express,2026-08-25,21,RMNP,Ramannapet,613,2026-08-25 16:14:00.000000,,,real
12805,Janmabhoomi Express,2026-08-25,22,CHZ,Charlapalli,676,2026-08-25 18:05:00.000000,,,real
12805,Janmabhoomi Express,2026-08-25,23,SC,Secunderabad Jn,688,2026-08-25 18:25:00.000000,,,real
12805,Janmabhoomi Express,2026-08-25,24,BMT,Begumpet,693,2026-08-25 18:41:00.000000,,,real
12805,Janmabhoomi Express,2026-08-25,25,LPI,Lingampalli,711,2026-08-25 19:15:00.000000,,,real
12805,Janmabhoomi Express,2026-08-26,1,VSKP,Visakhapatnam Jn,0,2026-08-26 06:20:00.000000,,,real
12805,Janmabhoomi Express,2026-08-26,2,DVD,Duvvada,18,2026-08-26 06:43:00.000000,,,real
12805,Janmabhoomi Express,2026-08-26,3,AKP,Anakapalle,33,2026-08-26 06:58:00.000000,,,real
12805,Janmabhoomi Express,2026-08-26,4,YLM,Elamanchili,57,2026-08-26 07:13:00.000000,,,real
12805,Janmabhoomi Express,2026-08-26,5,TUNI,Tuni,97,2026-08-26 07:38:00.000000,,,real
12805,Janmabhoomi Express,2026-08-26,6,ANV,Annavaram,114,2026-08-26 07:58:00.000000,,,real
12805,Janmabhoomi Express,2026-08-26,7,SLO,Samalkot Jn,151,2026-08-26 08:33:00.000000,,,real
12805,Janmabhoomi Express,2026-08-26,8,APT,Anaparti,177,2026-08-26 08:49:00.000000,,,real
12805,Janmabhoomi Express,2026-08-26,9,RJY,Rajahmundry,201,2026-08-26 09:18:00.000000,,,real
12805,Janmabhoomi Express,2026-08-26,10,TDD,Tadepalligudem,243,2026-08-26 10:03:00.000000,,,real
12805,Janmabhoomi Express,2026-08-26,11,EE,Eluru,291,2026-08-26 10:43:00.000000,,,real
12805,Janmabhoomi Express,2026-08-26,12,NZD,Nuzvid,309,2026-08-26 11:03:00.000000,,,real
12805,Janmabhoomi Express,2026-08-26,13,BZA,Vijayawada Jn,350,2026-08-26 12:02:00.000000,,,real
12805,Janmabhoomi Express,2026-08-26,14,TEL,Tenali Jn,382,2026-08-26 12:45:00.000000,,,real
12805,Janmabhoomi Express,2026-08-26,15,GNT,Guntur Jn,407,2026-08-26 13:10:00.000000,,,real
12805,Janmabhoomi Express,2026-08-26,16,SAP,Sattenapalle,450,2026-08-26 13:56:00.000000,,,real
12805,Janmabhoomi Express,2026-08-26,17,PGRL,Piduguralla,480,2026-08-26 14:22:00.000000,,,real
12805,Janmabhoomi Express,2026-08-26,18,NDKD,Nadikode,502,2026-08-26 14:43:00.000000,,,real
12805,Janmabhoomi Express,2026-08-26,19,MRGA,Miryalaguda,541,2026-08-26 15:12:00.000000,,,real
12805,Janmabhoomi Express,2026-08-26,20,NLDA,Nalgonda,578,2026-08-26 15:42:00.000000,,,real
12805,Janmabhoomi Express,2026-08-26,21,RMNP,Ramannapet,613,2026-08-26 16:14:00.000000,,,real
12805,Janmabhoomi Express,2026-08-26,22,CHZ,Charlapalli,676,2026-08-26 18:05:00.000000,,,real
12805,Janmabhoomi Express,2026-08-26,23,SC,Secunderabad Jn,688,2026-08-26 18:25:00.000000,,,real
12805,Janmabhoomi Express,2026-08-26,24,BMT,Begumpet,693,2026-08-26 18:41:00.000000,,,real
12805,Janmabhoomi Express,2026-08-26,25,LPI,Lingampalli,711,2026-08-26 19:15:00.000000,,,real
12805,Janmabhoomi Express,2026-08-27,1,VSKP,Visakhapatnam Jn,0,2026-08-27 06:20:00.000000,,,real
12805,Janmabhoomi Express,2026-08-27,2,DVD,Duvvada,18,2026-08-27 06:43:00.000000,5.0,2026-08-27 06:48:00.000000,real
12805,Janmabhoomi Express,2026-08-27,3,AKP,Anakapalle,33,2026-08-27 06:58:00.000000,2.0,2026-08-27 07:00:00.000000,real
12805,Janmabhoomi Express,2026-08-27,4,YLM,Elamanchili,57,2026-08-27 07:13:00.000000,20.0,2026-08-27 07:33:00.000000,real
12805,Janmabhoomi Express,2026-08-27,5,TUNI,Tuni,97,2026-08-27 07:38:00.000000,25.0,2026-08-27 08:03:00.000000,real
12805,Janmabhoomi Express,2026-08-27,6,ANV,Annavaram,114,2026-08-27 07:58:00.000000,22.0,2026-08-27 08:20:00.000000,real
12805,Janmabhoomi Express,2026-08-27,7,SLO,Samalkot Jn,151,2026-08-27 08:33:00.000000,16.0,2026-08-27 08:49:00.000000,real
12805,Janmabhoomi Express,2026-08-27,8,APT,Anaparti,177,2026-08-27 08:49:00.000000,22.0,2026-08-27 09:11:00.000000,real
12805,Janmabhoomi Express,2026-08-27,9,RJY,Rajahmundry,201,2026-08-27 09:18:00.000000,21.0,2026-08-27 09:39:00.000000,real
12805,Janmabhoomi Express,2026-08-27,10,TDD,Tadepalligudem,243,2026-08-27 10:03:00.000000,23.0,2026-08-27 10:26:00.000000,real
12805,Janmabhoomi Express,2026-08-27,11,EE,Eluru,291,2026-08-27 10:43:00.000000,19.0,2026-08-27 11:02:00.000000,real
12805,Janmabhoomi Express,2026-08-27,12,NZD,Nuzvid,309,2026-08-27 11:03:00.000000,11.0,2026-08-27 11:14:00.000000,real
12805,Janmabhoomi Express,2026-08-27,13,BZA,Vijayawada Jn,350,2026-08-27 12:02:00.000000,0.0,2026-08-27 12:02:00.000000,real
12805,Janmabhoomi Express,2026-08-27,14,TEL,Tenali Jn,382,2026-08-27 12:45:00.000000,0.0,2026-08-27 12:45:00.000000,real
12805,Janmabhoomi Express,2026-08-27,15,GNT,Guntur Jn,407,2026-08-27 13:10:00.000000,0.0,2026-08-27 13:10:00.000000,real
12805,Janmabhoomi Express,2026-08-27,16,SAP,Sattenapalle,450,2026-08-27 13:56:00.000000,0.0,2026-08-27 13:56:00.000000,real
12805,Janmabhoomi Express,2026-08-27,17,PGRL,Piduguralla,480,2026-08-27 14:22:00.000000,0.0,2026-08-27 14:22:00.000000,real
12805,Janmabhoomi Express,2026-08-27,18,NDKD,Nadikode,502,2026-08-27 14:43:00.000000,0.0,2026-08-27 14:43:00.000000,real
12805,Janmabhoomi Express,2026-08-27,19,MRGA,Miryalaguda,541,2026-08-27 15:12:00.000000,0.0,2026-08-27 15:12:00.000000,real
12805,Janmabhoomi Express,2026-08-27,20,NLDA,Nalgonda,578,2026-08-27 15:42:00.000000,0.0,2026-08-27 15:42:00.000000,real
12805,Janmabhoomi Express,2026-08-27,21,RMNP,Ramannapet,613,2026-08-27 16:14:00.000000,0.0,2026-08-27 16:14:00.000000,real
12805,Janmabhoomi Express,2026-08-27,22,CHZ,Charlapalli,676,2026-08-27 18:05:00.000000,0.0,2026-08-27 18:05:00.000000,real
12805,Janmabhoomi Express,2026-08-27,23,SC,Secunderabad Jn,688,2026-08-27 18:25:00.000000,0.0,2026-08-27 18:25:00.000000,real
12805,Janmabhoomi Express,2026-08-27,24,BMT,Begumpet,693,2026-08-27 18:41:00.000000,0.0,2026-08-27 18:41:00.000000,real
12805,Janmabhoomi Express,2026-08-27,25,LPI,Lingampalli,711,2026-08-27 19:15:00.000000,0.0,2026-08-27 19:15:00.000000,real
12805,Janmabhoomi Express,2026-08-28,1,VSKP,Visakhapatnam Jn,0,2026-08-28 06:20:00.000000,,,real
12805,Janmabhoomi Express,2026-08-28,2,DVD,Duvvada,18,2026-08-28 06:43:00.000000,0.0,2026-08-28 06:43:00.000000,real
12805,Janmabhoomi Express,2026-08-28,3,AKP,Anakapalle,33,2026-08-28 06:58:00.000000,0.0,2026-08-28 06:58:00.000000,real
12805,Janmabhoomi Express,2026-08-28,4,YLM,Elamanchili,57,2026-08-28 07:13:00.000000,0.0,2026-08-28 07:13:00.000000,real
12805,Janmabhoomi Express,2026-08-28,5,TUNI,Tuni,97,2026-08-28 07:38:00.000000,0.0,2026-08-28 07:38:00.000000,real
12805,Janmabhoomi Express,2026-08-28,6,ANV,Annavaram,114,2026-08-28 07:58:00.000000,0.0,2026-08-28 07:58:00.000000,real
12805,Janmabhoomi Express,2026-08-28,7,SLO,Samalkot Jn,151,2026-08-28 08:33:00.000000,0.0,2026-08-28 08:33:00.000000,real
12805,Janmabhoomi Express,2026-08-28,8,APT,Anaparti,177,2026-08-28 08:49:00.000000,0.0,2026-08-28 08:49:00.000000,real
12805,Janmabhoomi Express,2026-08-28,9,RJY,Rajahmundry,201,2026-08-28 09:18:00.000000,0.0,2026-08-28 09:18:00.000000,real
12805,Janmabhoomi Express,2026-08-28,10,TDD,Tadepalligudem,243,2026-08-28 10:03:00.000000,0.0,2026-08-28 10:03:00.000000,real
12805,Janmabhoomi Express,2026-08-28,11,EE,Eluru,291,2026-08-28 10:43:00.000000,0.0,2026-08-28 10:43:00.000000,real
12805,Janmabhoomi Express,2026-08-28,12,NZD,Nuzvid,309,2026-08-28 11:03:00.000000,0.0,2026-08-28 11:03:00.000000,real
12805,Janmabhoomi Express,2026-08-28,13,BZA,Vijayawada Jn,350,2026-08-28 12:02:00.000000,0.0,2026-08-28 12:02:00.000000,real
12805,Janmabhoomi Express,2026-08-28,14,TEL,Tenali Jn,382,2026-08-28 12:45:00.000000,0.0,2026-08-28 12:45:00.000000,real
12805,Janmabhoomi Express,2026-08-28,15,GNT,Guntur Jn,407,2026-08-28 13:10:00.000000,0.0,2026-08-28 13:10:00.000000,real
12805,Janmabhoomi Express,2026-08-28,16,SAP,Sattenapalle,450,2026-08-28 13:56:00.000000,0.0,2026-08-28 13:56:00.000000,real
12805,Janmabhoomi Express,2026-08-28,17,PGRL,Piduguralla,480,2026-08-28 14:22:00.000000,0.0,2026-08-28 14:22:00.000000,real
12805,Janmabhoomi Express,2026-08-28,18,NDKD,Nadikode,502,2026-08-28 14:43:00.000000,0.0,2026-08-28 14:43:00.000000,real
12805,Janmabhoomi Express,2026-08-28,19,MRGA,Miryalaguda,541,2026-08-28 15:12:00.000000,0.0,2026-08-28 15:12:00.000000,real
12805,Janmabhoomi Express,2026-08-28,20,NLDA,Nalgonda,578,2026-08-28 15:42:00.000000,0.0,2026-08-28 15:42:00.000000,real
12805,Janmabhoomi Express,2026-08-28,21,RMNP,Ramannapet,613,2026-08-28 16:14:00.000000,0.0,2026-08-28 16:14:00.000000,real
12805,Janmabhoomi Express,2026-08-28,22,CHZ,Charlapalli,676,2026-08-28 18:05:00.000000,0.0,2026-08-28 18:05:00.000000,real
12805,Janmabhoomi Express,2026-08-28,23,SC,Secunderabad Jn,688,2026-08-28 18:25:00.000000,0.0,2026-08-28 18:25:00.000000,real
12805,Janmabhoomi Express,2026-08-28,24,BMT,Begumpet,693,2026-08-28 18:41:00.000000,0.0,2026-08-28 18:41:00.000000,real
12805,Janmabhoomi Express,2026-08-28,25,LPI,Lingampalli,711,2026-08-28 19:15:00.000000,0.0,2026-08-28 19:15:00.000000,real
12805,Janmabhoomi Express,2026-08-29,1,VSKP,Visakhapatnam Jn,0,2026-08-29 06:20:00.000000,,,real
12805,Janmabhoomi Express,2026-08-29,2,DVD,Duvvada,18,2026-08-29 06:43:00.000000,2.0,2026-08-29 06:45:00.000000,real
12805,Janmabhoomi Express,2026-08-29,3,AKP,Anakapalle,33,2026-08-29 06:58:00.000000,5.0,2026-08-29 07:03:00.000000,real
12805,Janmabhoomi Express,2026-08-29,4,YLM,Elamanchili,57,2026-08-29 07:13:00.000000,11.0,2026-08-29 07:24:00.000000,real
12805,Janmabhoomi Express,2026-08-29,5,TUNI,Tuni,97,2026-08-29 07:38:00.000000,15.0,2026-08-29 07:53:00.000000,real
12805,Janmabhoomi Express,2026-08-29,6,ANV,Annavaram,114,2026-08-29 07:58:00.000000,15.0,2026-08-29 08:13:00.000000,real
12805,Janmabhoomi Express,2026-08-29,7,SLO,Samalkot Jn,151,2026-08-29 08:33:00.000000,10.0,2026-08-29 08:43:00.000000,real
12805,Janmabhoomi Express,2026-08-29,8,APT,Anaparti,177,2026-08-29 08:49:00.000000,17.0,2026-08-29 09:06:00.000000,real
12805,Janmabhoomi Express,2026-08-29,9,RJY,Rajahmundry,201,2026-08-29 09:18:00.000000,10.0,2026-08-29 09:28:00.000000,real
12805,Janmabhoomi Express,2026-08-29,10,TDD,Tadepalligudem,243,2026-08-29 10:03:00.000000,13.0,2026-08-29 10:16:00.000000,real
12805,Janmabhoomi Express,2026-08-29,11,EE,Eluru,291,2026-08-29 10:43:00.000000,12.0,2026-08-29 10:55:00.000000,real
12805,Janmabhoomi Express,2026-08-29,12,NZD,Nuzvid,309,2026-08-29 11:03:00.000000,12.0,2026-08-29 11:15:00.000000,real
12805,Janmabhoomi Express,2026-08-29,13,BZA,Vijayawada Jn,350,2026-08-29 12:02:00.000000,0.0,2026-08-29 12:02:00.000000,real
12805,Janmabhoomi Express,2026-08-29,14,TEL,Tenali Jn,382,2026-08-29 12:45:00.000000,0.0,2026-08-29 12:45:00.000000,real
12805,Janmabhoomi Express,2026-08-29,15,GNT,Guntur Jn,407,2026-08-29 13:10:00.000000,19.0,2026-08-29 13:29:00.000000,real
12805,Janmabhoomi Express,2026-08-29,16,SAP,Sattenapalle,450,2026-08-29 13:56:00.000000,24.0,2026-08-29 14:20:00.000000,real
12805,Janmabhoomi Express,2026-08-29,17,PGRL,Piduguralla,480,2026-08-29 14:22:00.000000,45.0,2026-08-29 15:07:00.000000,real
12805,Janmabhoomi Express,2026-08-29,18,NDKD,Nadikode,502,2026-08-29 14:43:00.000000,46.0,2026-08-29 15:29:00.000000,real
12805,Janmabhoomi Express,2026-08-29,19,MRGA,Miryalaguda,541,2026-08-29 15:12:00.000000,56.0,2026-08-29 16:08:00.000000,real
12805,Janmabhoomi Express,2026-08-29,20,NLDA,Nalgonda,578,2026-08-29 15:42:00.000000,67.0,2026-08-29 16:49:00.000000,real
12805,Janmabhoomi Express,2026-08-29,21,RMNP,Ramannapet,613,2026-08-29 16:14:00.000000,66.0,2026-08-29 17:20:00.000000,real
12805,Janmabhoomi Express,2026-08-29,22,CHZ,Charlapalli,676,2026-08-29 18:05:00.000000,13.0,2026-08-29 18:18:00.000000,real
12805,Janmabhoomi Express,2026-08-29,23,SC,Secunderabad Jn,688,2026-08-29 18:25:00.000000,5.0,2026-08-29 18:30:00.000000,real
12805,Janmabhoomi Express,2026-08-29,24,BMT,Begumpet,693,2026-08-29 18:41:00.000000,1.0,2026-08-29 18:42:00.000000,real
12805,Janmabhoomi Express,2026-08-29,25,LPI,Lingampalli,711,2026-08-29 19:15:00.000000,0.0,2026-08-29 19:15:00.000000,real
12805,Janmabhoomi Express,2026-08-30,1,VSKP,Visakhapatnam Jn,0,2026-08-30 06:20:00.000000,,,real
12805,Janmabhoomi Express,2026-08-30,2,DVD,Duvvada,18,2026-08-30 06:43:00.000000,6.0,2026-08-30 06:49:00.000000,real
12805,Janmabhoomi Express,2026-08-30,3,AKP,Anakapalle,33,2026-08-30 06:58:00.000000,11.0,2026-08-30 07:09:00.000000,real
12805,Janmabhoomi Express,2026-08-30,4,YLM,Elamanchili,57,2026-08-30 07:13:00.000000,19.0,2026-08-30 07:32:00.000000,real
12805,Janmabhoomi Express,2026-08-30,5,TUNI,Tuni,97,2026-08-30 07:38:00.000000,24.0,2026-08-30 08:02:00.000000,real
12805,Janmabhoomi Express,2026-08-30,6,ANV,Annavaram,114,2026-08-30 07:58:00.000000,24.0,2026-08-30 08:22:00.000000,real
12805,Janmabhoomi Express,2026-08-30,7,SLO,Samalkot Jn,151,2026-08-30 08:33:00.000000,20.0,2026-08-30 08:53:00.000000,real
12805,Janmabhoomi Express,2026-08-30,8,APT,Anaparti,177,2026-08-30 08:49:00.000000,28.0,2026-08-30 09:17:00.000000,real
12805,Janmabhoomi Express,2026-08-30,9,RJY,Rajahmundry,201,2026-08-30 09:18:00.000000,22.0,2026-08-30 09:40:00.000000,real
12805,Janmabhoomi Express,2026-08-30,10,TDD,Tadepalligudem,243,2026-08-30 10:03:00.000000,21.0,2026-08-30 10:24:00.000000,real
12805,Janmabhoomi Express,2026-08-30,11,EE,Eluru,291,2026-08-30 10:43:00.000000,22.0,2026-08-30 11:05:00.000000,real
12805,Janmabhoomi Express,2026-08-30,12,NZD,Nuzvid,309,2026-08-30 11:03:00.000000,23.0,2026-08-30 11:26:00.000000,real
12805,Janmabhoomi Express,2026-08-30,13,BZA,Vijayawada Jn,350,2026-08-30 12:02:00.000000,8.0,2026-08-30 12:10:00.000000,real
12805,Janmabhoomi Express,2026-08-30,14,TEL,Tenali Jn,382,2026-08-30 12:45:00.000000,10.0,2026-08-30 12:55:00.000000,real
12805,Janmabhoomi Express,2026-08-30,15,GNT,Guntur Jn,407,2026-08-30 13:10:00.000000,31.0,2026-08-30 13:41:00.000000,real
12805,Janmabhoomi Express,2026-08-30,16,SAP,Sattenapalle,450,2026-08-30 13:56:00.000000,47.0,2026-08-30 14:43:00.000000,real
12805,Janmabhoomi Express,2026-08-30,17,PGRL,Piduguralla,480,2026-08-30 14:22:00.000000,46.0,2026-08-30 15:08:00.000000,real
12805,Janmabhoomi Express,2026-08-30,18,NDKD,Nadikode,502,2026-08-30 14:43:00.000000,44.0,2026-08-30 15:27:00.000000,real
12805,Janmabhoomi Express,2026-08-30,19,MRGA,Miryalaguda,541,2026-08-30 15:12:00.000000,54.0,2026-08-30 16:06:00.000000,real
12805,Janmabhoomi Express,2026-08-30,20,NLDA,Nalgonda,578,2026-08-30 15:42:00.000000,68.0,2026-08-30 16:50:00.000000,real
12805,Janmabhoomi Express,2026-08-30,21,RMNP,Ramannapet,613,2026-08-30 16:14:00.000000,1.0,2026-08-30 16:15:00.000000,real
12805,Janmabhoomi Express,2026-08-30,22,CHZ,Charlapalli,676,2026-08-30 18:05:00.000000,5.0,2026-08-30 18:10:00.000000,real
12805,Janmabhoomi Express,2026-08-30,23,SC,Secunderabad Jn,688,2026-08-30 18:25:00.000000,8.0,2026-08-30 18:33:00.000000,real
12805,Janmabhoomi Express,2026-08-30,24,BMT,Begumpet,693,2026-08-30 18:41:00.000000,1.0,2026-08-30 18:42:00.000000,real
12805,Janmabhoomi Express,2026-08-30,25,LPI,Lingampalli,711,2026-08-30 19:15:00.000000,11.0,2026-08-30 19:26:00.000000,real
12805,Janmabhoomi Express,2026-08-31,1,VSKP,Visakhapatnam Jn,0,2026-08-31 06:20:00.000000,,,real
12805,Janmabhoomi Express,2026-08-31,2,DVD,Duvvada,18,2026-08-31 06:43:00.000000,6.0,2026-08-31 06:49:00.000000,real
12805,Janmabhoomi Express,2026-08-31,3,AKP,Anakapalle,33,2026-08-31 06:58:00.000000,13.0,2026-08-31 07:11:00.000000,real
12805,Janmabhoomi Express,2026-08-31,4,YLM,Elamanchili,57,2026-08-31 07:13:00.000000,20.0,2026-08-31 07:33:00.000000,real
12805,Janmabhoomi Express,2026-08-31,5,TUNI,Tuni,97,2026-08-31 07:38:00.000000,27.0,2026-08-31 08:05:00.000000,real
12805,Janmabhoomi Express,2026-08-31,6,ANV,Annavaram,114,2026-08-31 07:58:00.000000,25.0,2026-08-31 08:23:00.000000,real
12805,Janmabhoomi Express,2026-08-31,7,SLO,Samalkot Jn,151,2026-08-31 08:33:00.000000,24.0,2026-08-31 08:57:00.000000,real
12805,Janmabhoomi Express,2026-08-31,8,APT,Anaparti,177,2026-08-31 08:49:00.000000,32.0,2026-08-31 09:21:00.000000,real
12805,Janmabhoomi Express,2026-08-31,9,RJY,Rajahmundry,201,2026-08-31 09:18:00.000000,27.0,2026-08-31 09:45:00.000000,real
12805,Janmabhoomi Express,2026-08-31,10,TDD,Tadepalligudem,243,2026-08-31 10:03:00.000000,213.0,2026-08-31 13:36:00.000000,real
12805,Janmabhoomi Express,2026-08-31,11,EE,Eluru,291,2026-08-31 10:43:00.000000,219.0,2026-08-31 14:22:00.000000,real
12805,Janmabhoomi Express,2026-08-31,12,NZD,Nuzvid,309,2026-08-31 11:03:00.000000,221.0,2026-08-31 14:44:00.000000,real
12805,Janmabhoomi Express,2026-08-31,13,BZA,Vijayawada Jn,350,2026-08-31 12:02:00.000000,199.0,2026-08-31 15:21:00.000000,real
12805,Janmabhoomi Express,2026-08-31,14,TEL,Tenali Jn,382,2026-08-31 12:45:00.000000,226.0,2026-08-31 16:31:00.000000,real
12805,Janmabhoomi Express,2026-08-31,15,GNT,Guntur Jn,407,2026-08-31 13:10:00.000000,250.0,2026-08-31 17:20:00.000000,real
12805,Janmabhoomi Express,2026-08-31,16,SAP,Sattenapalle,450,2026-08-31 13:56:00.000000,249.0,2026-08-31 18:05:00.000000,real
12805,Janmabhoomi Express,2026-08-31,17,PGRL,Piduguralla,480,2026-08-31 14:22:00.000000,247.0,2026-08-31 18:29:00.000000,real
12805,Janmabhoomi Express,2026-08-31,18,NDKD,Nadikode,502,2026-08-31 14:43:00.000000,247.0,2026-08-31 18:50:00.000000,real
12805,Janmabhoomi Express,2026-08-31,19,MRGA,Miryalaguda,541,2026-08-31 15:12:00.000000,265.0,2026-08-31 19:37:00.000000,real
12805,Janmabhoomi Express,2026-08-31,20,NLDA,Nalgonda,578,2026-08-31 15:42:00.000000,287.0,2026-08-31 20:29:00.000000,real
12805,Janmabhoomi Express,2026-08-31,21,RMNP,Ramannapet,613,2026-08-31 16:14:00.000000,294.0,2026-08-31 21:08:00.000000,real
12805,Janmabhoomi Express,2026-08-31,22,CHZ,Charlapalli,676,2026-08-31 18:05:00.000000,2.0,2026-08-31 18:07:00.000000,real
12805,Janmabhoomi Express,2026-08-31,23,SC,Secunderabad Jn,688,2026-08-31 18:25:00.000000,5.0,2026-08-31 18:30:00.000000,real
12805,Janmabhoomi Express,2026-08-31,24,BMT,Begumpet,693,2026-08-31 18:41:00.000000,1.0,2026-08-31 18:42:00.000000,real
12805,Janmabhoomi Express,2026-08-31,25,LPI,Lingampalli,711,2026-08-31 19:15:00.000000,214.0,2026-08-31 22:49:00.000000,real
12805,Janmabhoomi Express,2026-09-01,1,VSKP,Visakhapatnam Jn,0,2026-09-01 06:20:00.000000,,,real
12805,Janmabhoomi Express,2026-09-01,2,DVD,Duvvada,18,2026-09-01 06:43:00.000000,12.0,2026-09-01 06:55:00.000000,real
12805,Janmabhoomi Express,2026-09-01,3,AKP,Anakapalle,33,2026-09-01 06:58:00.000000,15.0,2026-09-01 07:13:00.000000,real
12805,Janmabhoomi Express,2026-09-01,4,YLM,Elamanchili,57,2026-09-01 07:13:00.000000,21.0,2026-09-01 07:34:00.000000,real
12805,Janmabhoomi Express,2026-09-01,5,TUNI,Tuni,97,2026-09-01 07:38:00.000000,27.0,2026-09-01 08:05:00.000000,real
12805,Janmabhoomi Express,2026-09-01,6,ANV,Annavaram,114,2026-09-01 07:58:00.000000,24.0,2026-09-01 08:22:00.000000,real
12805,Janmabhoomi Express,2026-09-01,7,SLO,Samalkot Jn,151,2026-09-01 08:33:00.000000,20.0,2026-09-01 08:53:00.000000,real
12805,Janmabhoomi Express,2026-09-01,8,APT,Anaparti,177,2026-09-01 08:49:00.000000,27.0,2026-09-01 09:16:00.000000,real
12805,Janmabhoomi Express,2026-09-01,9,RJY,Rajahmundry,201,2026-09-01 09:18:00.000000,25.0,2026-09-01 09:43:00.000000,real
12805,Janmabhoomi Express,2026-09-01,10,TDD,Tadepalligudem,243,2026-09-01 10:03:00.000000,26.0,2026-09-01 10:29:00.000000,real
12805,Janmabhoomi Express,2026-09-01,11,EE,Eluru,291,2026-09-01 10:43:00.000000,24.0,2026-09-01 11:07:00.000000,real
12805,Janmabhoomi Express,2026-09-01,12,NZD,Nuzvid,309,2026-09-01 11:03:00.000000,24.0,2026-09-01 11:27:00.000000,real
12805,Janmabhoomi Express,2026-09-01,13,BZA,Vijayawada Jn,350,2026-09-01 12:02:00.000000,0.0,2026-09-01 12:02:00.000000,real
12805,Janmabhoomi Express,2026-09-01,14,TEL,Tenali Jn,382,2026-09-01 12:45:00.000000,4.0,2026-09-01 12:49:00.000000,real
12805,Janmabhoomi Express,2026-09-01,15,GNT,Guntur Jn,407,2026-09-01 13:10:00.000000,18.0,2026-09-01 13:28:00.000000,real
12805,Janmabhoomi Express,2026-09-01,16,SAP,Sattenapalle,450,2026-09-01 13:56:00.000000,14.0,2026-09-01 14:10:00.000000,real
12805,Janmabhoomi Express,2026-09-01,17,PGRL,Piduguralla,480,2026-09-01 14:22:00.000000,8.0,2026-09-01 14:30:00.000000,real
12805,Janmabhoomi Express,2026-09-01,18,NDKD,Nadikode,502,2026-09-01 14:43:00.000000,7.0,2026-09-01 14:50:00.000000,real
12805,Janmabhoomi Express,2026-09-01,19,MRGA,Miryalaguda,541,2026-09-01 15:12:00.000000,36.0,2026-09-01 15:48:00.000000,real
12805,Janmabhoomi Express,2026-09-01,20,NLDA,Nalgonda,578,2026-09-01 15:42:00.000000,33.0,2026-09-01 16:15:00.000000,real
12805,Janmabhoomi Express,2026-09-01,21,RMNP,Ramannapet,613,2026-09-01 16:14:00.000000,32.0,2026-09-01 16:46:00.000000,real
12805,Janmabhoomi Express,2026-09-01,22,CHZ,Charlapalli,676,2026-09-01 18:05:00.000000,0.0,2026-09-01 18:05:00.000000,real
12805,Janmabhoomi Express,2026-09-01,23,SC,Secunderabad Jn,688,2026-09-01 18:25:00.000000,4.0,2026-09-01 18:29:00.000000,real
12805,Janmabhoomi Express,2026-09-01,24,BMT,Begumpet,693,2026-09-01 18:41:00.000000,1.0,2026-09-01 18:42:00.000000,real
12805,Janmabhoomi Express,2026-09-01,25,LPI,Lingampalli,711,2026-09-01 19:15:00.000000,15.0,2026-09-01 19:30:00.000000,real
12805,Janmabhoomi Express,2026-09-02,1,VSKP,Visakhapatnam Jn,0,2026-09-02 06:20:00.000000,,,real
12805,Janmabhoomi Express,2026-09-02,2,DVD,Duvvada,18,2026-09-02 06:43:00.000000,2.0,2026-09-02 06:45:00.000000,real
12805,Janmabhoomi Express,2026-09-02,3,AKP,Anakapalle,33,2026-09-02 06:58:00.000000,5.0,2026-09-02 07:03:00.000000,real
12805,Janmabhoomi Express,2026-09-02,4,YLM,Elamanchili,57,2026-09-02 07:13:00.000000,13.0,2026-09-02 07:26:00.000000,real
12805,Janmabhoomi Express,2026-09-02,5,TUNI,Tuni,97,2026-09-02 07:38:00.000000,18.0,2026-09-02 07:56:00.000000,real
12805,Janmabhoomi Express,2026-09-02,6,ANV,Annavaram,114,2026-09-02 07:58:00.000000,15.0,2026-09-02 08:13:00.000000,real
12805,Janmabhoomi Express,2026-09-02,7,SLO,Samalkot Jn,151,2026-09-02 08:33:00.000000,11.0,2026-09-02 08:44:00.000000,real
12805,Janmabhoomi Express,2026-09-02,8,APT,Anaparti,177,2026-09-02 08:49:00.000000,19.0,2026-09-02 09:08:00.000000,real
12805,Janmabhoomi Express,2026-09-02,9,RJY,Rajahmundry,201,2026-09-02 09:18:00.000000,13.0,2026-09-02 09:31:00.000000,real
12805,Janmabhoomi Express,2026-09-02,10,TDD,Tadepalligudem,243,2026-09-02 10:03:00.000000,18.0,2026-09-02 10:21:00.000000,real
12805,Janmabhoomi Express,2026-09-02,11,EE,Eluru,291,2026-09-02 10:43:00.000000,18.0,2026-09-02 11:01:00.000000,real
12805,Janmabhoomi Express,2026-09-02,12,NZD,Nuzvid,309,2026-09-02 11:03:00.000000,20.0,2026-09-02 11:23:00.000000,real
12805,Janmabhoomi Express,2026-09-02,13,BZA,Vijayawada Jn,350,2026-09-02 12:02:00.000000,4.0,2026-09-02 12:06:00.000000,real
12805,Janmabhoomi Express,2026-09-02,14,TEL,Tenali Jn,382,2026-09-02 12:45:00.000000,7.0,2026-09-02 12:52:00.000000,real
12805,Janmabhoomi Express,2026-09-02,15,GNT,Guntur Jn,407,2026-09-02 13:10:00.000000,28.0,2026-09-02 13:38:00.000000,real
12805,Janmabhoomi Express,2026-09-02,16,SAP,Sattenapalle,450,2026-09-02 13:56:00.000000,29.0,2026-09-02 14:25:00.000000,real
12805,Janmabhoomi Express,2026-09-02,17,PGRL,Piduguralla,480,2026-09-02 14:22:00.000000,29.0,2026-09-02 14:51:00.000000,real
12805,Janmabhoomi Express,2026-09-02,18,NDKD,Nadikode,502,2026-09-02 14:43:00.000000,27.0,2026-09-02 15:10:00.000000,real
12805,Janmabhoomi Express,2026-09-02,19,MRGA,Miryalaguda,541,2026-09-02 15:12:00.000000,29.0,2026-09-02 15:41:00.000000,real
12805,Janmabhoomi Express,2026-09-02,20,NLDA,Nalgonda,578,2026-09-02 15:42:00.000000,41.0,2026-09-02 16:23:00.000000,real
12805,Janmabhoomi Express,2026-09-02,21,RMNP,Ramannapet,613,2026-09-02 16:14:00.000000,39.0,2026-09-02 16:53:00.000000,real
12805,Janmabhoomi Express,2026-09-02,22,CHZ,Charlapalli,676,2026-09-02 18:05:00.000000,0.0,2026-09-02 18:05:00.000000,real
12805,Janmabhoomi Express,2026-09-02,23,SC,Secunderabad Jn,688,2026-09-02 18:25:00.000000,6.0,2026-09-02 18:31:00.000000,real
12805,Janmabhoomi Express,2026-09-02,24,BMT,Begumpet,693,2026-09-02 18:41:00.000000,1.0,2026-09-02 18:42:00.000000,real
12805,Janmabhoomi Express,2026-09-02,25,LPI,Lingampalli,711,2026-09-02 19:15:00.000000,7.0,2026-09-02 19:22:00.000000,real
12805,Janmabhoomi Express,2026-09-03,1,VSKP,Visakhapatnam Jn,0,2026-09-03 06:20:00.000000,,,real
12805,Janmabhoomi Express,2026-09-03,2,DVD,Duvvada,18,2026-09-03 06:43:00.000000,0.0,2026-09-03 06:43:00.000000,real
12805,Janmabhoomi Express,2026-09-03,3,AKP,Anakapalle,33,2026-09-03 06:58:00.000000,0.0,2026-09-03 06:58:00.000000,real
12805,Janmabhoomi Express,2026-09-03,4,YLM,Elamanchili,57,2026-09-03 07:13:00.000000,0.0,2026-09-03 07:13:00.000000,real
12805,Janmabhoomi Express,2026-09-03,5,TUNI,Tuni,97,2026-09-03 07:38:00.000000,0.0,2026-09-03 07:38:00.000000,real
12805,Janmabhoomi Express,2026-09-03,6,ANV,Annavaram,114,2026-09-03 07:58:00.000000,0.0,2026-09-03 07:58:00.000000,real
12805,Janmabhoomi Express,2026-09-03,7,SLO,Samalkot Jn,151,2026-09-03 08:33:00.000000,0.0,2026-09-03 08:33:00.000000,real
12805,Janmabhoomi Express,2026-09-03,8,APT,Anaparti,177,2026-09-03 08:49:00.000000,0.0,2026-09-03 08:49:00.000000,real
12805,Janmabhoomi Express,2026-09-03,9,RJY,Rajahmundry,201,2026-09-03 09:18:00.000000,0.0,2026-09-03 09:18:00.000000,real
12805,Janmabhoomi Express,2026-09-03,10,TDD,Tadepalligudem,243,2026-09-03 10:03:00.000000,0.0,2026-09-03 10:03:00.000000,real
12805,Janmabhoomi Express,2026-09-03,11,EE,Eluru,291,2026-09-03 10:43:00.000000,0.0,2026-09-03 10:43:00.000000,real
12805,Janmabhoomi Express,2026-09-03,12,NZD,Nuzvid,309,2026-09-03 11:03:00.000000,0.0,2026-09-03 11:03:00.000000,real
12805,Janmabhoomi Express,2026-09-03,13,BZA,Vijayawada Jn,350,2026-09-03 12:02:00.000000,0.0,2026-09-03 12:02:00.000000,real
12805,Janmabhoomi Express,2026-09-03,14,TEL,Tenali Jn,382,2026-09-03 12:45:00.000000,0.0,2026-09-03 12:45:00.000000,real
12805,Janmabhoomi Express,2026-09-03,15,GNT,Guntur Jn,407,2026-09-03 13:10:00.000000,0.0,2026-09-03 13:10:00.000000,real
12805,Janmabhoomi Express,2026-09-03,16,SAP,Sattenapalle,450,2026-09-03 13:56:00.000000,0.0,2026-09-03 13:56:00.000000,real
12805,Janmabhoomi Express,2026-09-03,17,PGRL,Piduguralla,480,2026-09-03 14:22:00.000000,0.0,2026-09-03 14:22:00.000000,real
12805,Janmabhoomi Express,2026-09-03,18,NDKD,Nadikode,502,2026-09-03 14:43:00.000000,0.0,2026-09-03 14:43:00.000000,real
12805,Janmabhoomi Express,2026-09-03,19,MRGA,Miryalaguda,541,2026-09-03 15:12:00.000000,0.0,2026-09-03 15:12:00.000000,real
12805,Janmabhoomi Express,2026-09-03,20,NLDA,Nalgonda,578,2026-09-03 15:42:00.000000,0.0,2026-09-03 15:42:00.000000,real
12805,Janmabhoomi Express,2026-09-03,21,RMNP,Ramannapet,613,2026-09-03 16:14:00.000000,0.0,2026-09-03 16:14:00.000000,real
12805,Janmabhoomi Express,2026-09-03,22,CHZ,Charlapalli,676,2026-09-03 18:05:00.000000,0.0,2026-09-03 18:05:00.000000,real
12805,Janmabhoomi Express,2026-09-03,23,SC,Secunderabad Jn,688,2026-09-03 18:25:00.000000,0.0,2026-09-03 18:25:00.000000,real
12805,Janmabhoomi Express,2026-09-03,24,BMT,Begumpet,693,2026-09-03 18:41:00.000000,0.0,2026-09-03 18:41:00.000000,real
12805,Janmabhoomi Express,2026-09-03,25,LPI,Lingampalli,711,2026-09-03 19:15:00.000000,7.0,2026-09-03 19:22:00.000000,real
12805,Janmabhoomi Express,2026-09-04,1,VSKP,Visakhapatnam Jn,0,2026-09-04 06:20:00.000000,,,real
12805,Janmabhoomi Express,2026-09-04,2,DVD,Duvvada,18,2026-09-04 06:43:00.000000,5.0,2026-09-04 06:48:00.000000,real
12805,Janmabhoomi Express,2026-09-04,3,AKP,Anakapalle,33,2026-09-04 06:58:00.000000,7.0,2026-09-04 07:05:00.000000,real
12805,Janmabhoomi Express,2026-09-04,4,YLM,Elamanchili,57,2026-09-04 07:13:00.000000,21.0,2026-09-04 07:34:00.000000,real
12805,Janmabhoomi Express,2026-09-04,5,TUNI,Tuni,97,2026-09-04 07:38:00.000000,26.0,2026-09-04 08:04:00.000000,real
12805,Janmabhoomi Express,2026-09-04,6,ANV,Annavaram,114,2026-09-04 07:58:00.000000,23.0,2026-09-04 08:21:00.000000,real
12805,Janmabhoomi Express,2026-09-04,7,SLO,Samalkot Jn,151,2026-09-04 08:33:00.000000,19.0,2026-09-04 08:52:00.000000,real
12805,Janmabhoomi Express,2026-09-04,8,APT,Anaparti,177,2026-09-04 08:49:00.000000,,,real
12805,Janmabhoomi Express,2026-09-04,9,RJY,Rajahmundry,201,2026-09-04 09:18:00.000000,22.0,2026-09-04 09:40:00.000000,real
12805,Janmabhoomi Express,2026-09-04,10,TDD,Tadepalligudem,243,2026-09-04 10:03:00.000000,22.0,2026-09-04 10:25:00.000000,real
12805,Janmabhoomi Express,2026-09-04,11,EE,Eluru,291,2026-09-04 10:43:00.000000,21.0,2026-09-04 11:04:00.000000,real
12805,Janmabhoomi Express,2026-09-04,12,NZD,Nuzvid,309,2026-09-04 11:03:00.000000,23.0,2026-09-04 11:26:00.000000,real
12805,Janmabhoomi Express,2026-09-04,13,BZA,Vijayawada Jn,350,2026-09-04 12:02:00.000000,6.0,2026-09-04 12:08:00.000000,real
12805,Janmabhoomi Express,2026-09-04,14,TEL,Tenali Jn,382,2026-09-04 12:45:00.000000,5.0,2026-09-04 12:50:00.000000,real
12805,Janmabhoomi Express,2026-09-04,15,GNT,Guntur Jn,407,2026-09-04 13:10:00.000000,23.0,2026-09-04 13:33:00.000000,real
12805,Janmabhoomi Express,2026-09-04,16,SAP,Sattenapalle,450,2026-09-04 13:56:00.000000,,,real
12805,Janmabhoomi Express,2026-09-04,17,PGRL,Piduguralla,480,2026-09-04 14:22:00.000000,,,real
12805,Janmabhoomi Express,2026-09-04,18,NDKD,Nadikode,502,2026-09-04 14:43:00.000000,,,real
12805,Janmabhoomi Express,2026-09-04,19,MRGA,Miryalaguda,541,2026-09-04 15:12:00.000000,,,real
12805,Janmabhoomi Express,2026-09-04,20,NLDA,Nalgonda,578,2026-09-04 15:42:00.000000,,,real
12805,Janmabhoomi Express,2026-09-04,21,RMNP,Ramannapet,613,2026-09-04 16:14:00.000000,,,real
12805,Janmabhoomi Express,2026-09-04,22,CHZ,Charlapalli,676,2026-09-04 18:05:00.000000,,,real
12805,Janmabhoomi Express,2026-09-04,23,SC,Secunderabad Jn,688,2026-09-04 18:25:00.000000,,,real
12805,Janmabhoomi Express,2026-09-04,24,BMT,Begumpet,693,2026-09-04 18:41:00.000000,,,real
12805,Janmabhoomi Express,2026-09-04,25,LPI,Lingampalli,711,2026-09-04 19:15:00.000000,,,real
12806,Andhra Express,2026-08-01,1,VSKP,Visakhapatnam Jn,0,2026-08-01 09:00:00.000000,3.0,2026-08-01 09:03:00.000000,synthetic
12806,Andhra Express,2026-08-01,2,BZA,Vijayawada Jn,120,2026-08-01 11:13:54.545455,8.0,2026-08-01 11:21:54.545455,synthetic
12806,Andhra Express,2026-08-01,3,WL,Warangal,300,2026-08-01 14:33:16.363636,0.0,2026-08-01 14:33:16.363636,synthetic
12806,Andhra Express,2026-08-01,4,KZJ,Kazipet Jn,320,2026-08-01 14:58:05.454545,2.0,2026-08-01 15:00:05.454545,synthetic
12806,Andhra Express,2026-08-01,5,NGP,Nagpur,640,2026-08-01 20:50:10.909091,5.0,2026-08-01 20:55:10.909091,synthetic
12806,Andhra Express,2026-08-01,6,BPL,Bhopal Jn,980,2026-08-02 03:04:05.454545,10.0,2026-08-02 03:14:05.454545,synthetic
12806,Andhra Express,2026-08-01,7,NDLS,New Delhi,1670,2026-08-02 15:39:49.090909,12.0,2026-08-02 15:51:49.090909,synthetic
12806,Andhra Express,2026-08-02,1,VSKP,Visakhapatnam Jn,0,2026-08-02 09:00:00.000000,3.0,2026-08-02 09:03:00.000000,synthetic
12806,Andhra Express,2026-08-02,2,BZA,Vijayawada Jn,120,2026-08-02 11:13:54.545455,4.0,2026-08-02 11:17:54.545455,synthetic
12806,Andhra Express,2026-08-02,3,WL,Warangal,300,2026-08-02 14:33:16.363636,8.0,2026-08-02 14:41:16.363636,synthetic
12806,Andhra Express,2026-08-02,4,KZJ,Kazipet Jn,320,2026-08-02 14:58:05.454545,6.0,2026-08-02 15:04:05.454545,synthetic
12806,Andhra Express,2026-08-02,5,NGP,Nagpur,640,2026-08-02 20:50:10.909091,15.0,2026-08-02 21:05:10.909091,synthetic
12806,Andhra Express,2026-08-02,6,BPL,Bhopal Jn,980,2026-08-03 03:04:05.454545,12.0,2026-08-03 03:16:05.454545,synthetic
12806,Andhra Express,2026-08-02,7,NDLS,New Delhi,1670,2026-08-03 15:39:49.090909,14.0,2026-08-03 15:53:49.090909,synthetic
12806,Andhra Express,2026-08-03,1,VSKP,Visakhapatnam Jn,0,2026-08-03 09:00:00.000000,3.0,2026-08-03 09:03:00.000000,synthetic
12806,Andhra Express,2026-08-03,2,BZA,Vijayawada Jn,120,2026-08-03 11:13:54.545455,12.0,2026-08-03 11:25:54.545455,synthetic
12806,Andhra Express,2026-08-03,3,WL,Warangal,300,2026-08-03 14:33:16.363636,8.0,2026-08-03 14:41:16.363636,synthetic
12806,Andhra Express,2026-08-03,4,KZJ,Kazipet Jn,320,2026-08-03 14:58:05.454545,12.0,2026-08-03 15:10:05.454545,synthetic
12806,Andhra Express,2026-08-03,5,NGP,Nagpur,640,2026-08-03 20:50:10.909091,13.0,2026-08-03 21:03:10.909091,synthetic
12806,Andhra Express,2026-08-03,6,BPL,Bhopal Jn,980,2026-08-04 03:04:05.454545,10.0,2026-08-04 03:14:05.454545,synthetic
12806,Andhra Express,2026-08-03,7,NDLS,New Delhi,1670,2026-08-04 15:39:49.090909,13.0,2026-08-04 15:52:49.090909,synthetic
12806,Andhra Express,2026-08-04,1,VSKP,Visakhapatnam Jn,0,2026-08-04 09:00:00.000000,1.0,2026-08-04 09:01:00.000000,synthetic
12806,Andhra Express,2026-08-04,2,BZA,Vijayawada Jn,120,2026-08-04 11:13:54.545455,3.0,2026-08-04 11:16:54.545455,synthetic
12806,Andhra Express,2026-08-04,3,WL,Warangal,300,2026-08-04 14:33:16.363636,8.0,2026-08-04 14:41:16.363636,synthetic
12806,Andhra Express,2026-08-04,4,KZJ,Kazipet Jn,320,2026-08-04 14:58:05.454545,11.0,2026-08-04 15:09:05.454545,synthetic
12806,Andhra Express,2026-08-04,5,NGP,Nagpur,640,2026-08-04 20:50:10.909091,17.0,2026-08-04 21:07:10.909091,synthetic
12806,Andhra Express,2026-08-04,6,BPL,Bhopal Jn,980,2026-08-05 03:04:05.454545,9.0,2026-08-05 03:13:05.454545,synthetic
12806,Andhra Express,2026-08-04,7,NDLS,New Delhi,1670,2026-08-05 15:39:49.090909,6.0,2026-08-05 15:45:49.090909,synthetic
12806,Andhra Express,2026-08-05,1,VSKP,Visakhapatnam Jn,0,2026-08-05 09:00:00.000000,1.0,2026-08-05 09:01:00.000000,synthetic
12806,Andhra Express,2026-08-05,2,BZA,Vijayawada Jn,120,2026-08-05 11:13:54.545455,0.0,2026-08-05 11:13:54.545455,synthetic
12806,Andhra Express,2026-08-05,3,WL,Warangal,300,2026-08-05 14:33:16.363636,0.0,2026-08-05 14:33:16.363636,synthetic
12806,Andhra Express,2026-08-05,4,KZJ,Kazipet Jn,320,2026-08-05 14:58:05.454545,3.0,2026-08-05 15:01:05.454545,synthetic
12806,Andhra Express,2026-08-05,5,NGP,Nagpur,640,2026-08-05 20:50:10.909091,12.0,2026-08-05 21:02:10.909091,synthetic
12806,Andhra Express,2026-08-05,6,BPL,Bhopal Jn,980,2026-08-06 03:04:05.454545,9.0,2026-08-06 03:13:05.454545,synthetic
12806,Andhra Express,2026-08-05,7,NDLS,New Delhi,1670,2026-08-06 15:39:49.090909,12.0,2026-08-06 15:51:49.090909,synthetic
12806,Andhra Express,2026-08-06,1,VSKP,Visakhapatnam Jn,0,2026-08-06 09:00:00.000000,0.0,2026-08-06 09:00:00.000000,synthetic
12806,Andhra Express,2026-08-06,2,BZA,Vijayawada Jn,120,2026-08-06 11:13:54.545455,0.0,2026-08-06 11:13:54.545455,synthetic
12806,Andhra Express,2026-08-06,3,WL,Warangal,300,2026-08-06 14:33:16.363636,3.0,2026-08-06 14:36:16.363636,synthetic
12806,Andhra Express,2026-08-06,4,KZJ,Kazipet Jn,320,2026-08-06 14:58:05.454545,2.0,2026-08-06 15:00:05.454545,synthetic
12806,Andhra Express,2026-08-06,5,NGP,Nagpur,640,2026-08-06 20:50:10.909091,9.0,2026-08-06 20:59:10.909091,synthetic
12806,Andhra Express,2026-08-06,6,BPL,Bhopal Jn,980,2026-08-07 03:04:05.454545,10.0,2026-08-07 03:14:05.454545,synthetic
12806,Andhra Express,2026-08-06,7,NDLS,New Delhi,1670,2026-08-07 15:39:49.090909,8.0,2026-08-07 15:47:49.090909,synthetic
12806,Andhra Express,2026-08-07,1,VSKP,Visakhapatnam Jn,0,2026-08-07 09:00:00.000000,0.0,2026-08-07 09:00:00.000000,synthetic
12806,Andhra Express,2026-08-07,2,BZA,Vijayawada Jn,120,2026-08-07 11:13:54.545455,0.0,2026-08-07 11:13:54.545455,synthetic
12806,Andhra Express,2026-08-07,3,WL,Warangal,300,2026-08-07 14:33:16.363636,4.0,2026-08-07 14:37:16.363636,synthetic
12806,Andhra Express,2026-08-07,4,KZJ,Kazipet Jn,320,2026-08-07 14:58:05.454545,7.0,2026-08-07 15:05:05.454545,synthetic
12806,Andhra Express,2026-08-07,5,NGP,Nagpur,640,2026-08-07 20:50:10.909091,9.0,2026-08-07 20:59:10.909091,synthetic
12806,Andhra Express,2026-08-07,6,BPL,Bhopal Jn,980,2026-08-08 03:04:05.454545,0.0,2026-08-08 03:04:05.454545,synthetic
12806,Andhra Express,2026-08-07,7,NDLS,New Delhi,1670,2026-08-08 15:39:49.090909,0.0,2026-08-08 15:39:49.090909,synthetic
12806,Andhra Express,2026-08-08,1,VSKP,Visakhapatnam Jn,0,2026-08-08 09:00:00.000000,3.0,2026-08-08 09:03:00.000000,synthetic
12806,Andhra Express,2026-08-08,2,BZA,Vijayawada Jn,120,2026-08-08 11:13:54.545455,4.0,2026-08-08 11:17:54.545455,synthetic
12806,Andhra Express,2026-08-08,3,WL,Warangal,300,2026-08-08 14:33:16.363636,4.0,2026-08-08 14:37:16.363636,synthetic
12806,Andhra Express,2026-08-08,4,KZJ,Kazipet Jn,320,2026-08-08 14:58:05.454545,1.0,2026-08-08 14:59:05.454545,synthetic
12806,Andhra Express,2026-08-08,5,NGP,Nagpur,640,2026-08-08 20:50:10.909091,2.0,2026-08-08 20:52:10.909091,synthetic
12806,Andhra Express,2026-08-08,6,BPL,Bhopal Jn,980,2026-08-09 03:04:05.454545,4.0,2026-08-09 03:08:05.454545,synthetic
12806,Andhra Express,2026-08-08,7,NDLS,New Delhi,1670,2026-08-09 15:39:49.090909,7.0,2026-08-09 15:46:49.090909,synthetic
12806,Andhra Express,2026-08-09,1,VSKP,Visakhapatnam Jn,0,2026-08-09 09:00:00.000000,1.0,2026-08-09 09:01:00.000000,synthetic
12806,Andhra Express,2026-08-09,2,BZA,Vijayawada Jn,120,2026-08-09 11:13:54.545455,2.0,2026-08-09 11:15:54.545455,synthetic
12806,Andhra Express,2026-08-09,3,WL,Warangal,300,2026-08-09 14:33:16.363636,4.0,2026-08-09 14:37:16.363636,synthetic
12806,Andhra Express,2026-08-09,4,KZJ,Kazipet Jn,320,2026-08-09 14:58:05.454545,11.0,2026-08-09 15:09:05.454545,synthetic
12806,Andhra Express,2026-08-09,5,NGP,Nagpur,640,2026-08-09 20:50:10.909091,11.0,2026-08-09 21:01:10.909091,synthetic
12806,Andhra Express,2026-08-09,6,BPL,Bhopal Jn,980,2026-08-10 03:04:05.454545,13.0,2026-08-10 03:17:05.454545,synthetic
12806,Andhra Express,2026-08-09,7,NDLS,New Delhi,1670,2026-08-10 15:39:49.090909,16.0,2026-08-10 15:55:49.090909,synthetic
12806,Andhra Express,2026-08-10,1,VSKP,Visakhapatnam Jn,0,2026-08-10 09:00:00.000000,5.0,2026-08-10 09:05:00.000000,synthetic
12806,Andhra Express,2026-08-10,2,BZA,Vijayawada Jn,120,2026-08-10 11:13:54.545455,2.0,2026-08-10 11:15:54.545455,synthetic
12806,Andhra Express,2026-08-10,3,WL,Warangal,300,2026-08-10 14:33:16.363636,0.0,2026-08-10 14:33:16.363636,synthetic
12806,Andhra Express,2026-08-10,4,KZJ,Kazipet Jn,320,2026-08-10 14:58:05.454545,4.0,2026-08-10 15:02:05.454545,synthetic
12806,Andhra Express,2026-08-10,5,NGP,Nagpur,640,2026-08-10 20:50:10.909091,1.0,2026-08-10 20:51:10.909091,synthetic
12806,Andhra Express,2026-08-10,6,BPL,Bhopal Jn,980,2026-08-11 03:04:05.454545,5.0,2026-08-11 03:09:05.454545,synthetic
12806,Andhra Express,2026-08-10,7,NDLS,New Delhi,1670,2026-08-11 15:39:49.090909,18.0,2026-08-11 15:57:49.090909,synthetic
12806,Andhra Express,2026-08-11,1,VSKP,Visakhapatnam Jn,0,2026-08-11 09:00:00.000000,3.0,2026-08-11 09:03:00.000000,synthetic
12806,Andhra Express,2026-08-11,2,BZA,Vijayawada Jn,120,2026-08-11 11:13:54.545455,0.0,2026-08-11 11:13:54.545455,synthetic
12806,Andhra Express,2026-08-11,3,WL,Warangal,300,2026-08-11 14:33:16.363636,0.0,2026-08-11 14:33:16.363636,synthetic
12806,Andhra Express,2026-08-11,4,KZJ,Kazipet Jn,320,2026-08-11 14:58:05.454545,0.0,2026-08-11 14:58:05.454545,synthetic
12806,Andhra Express,2026-08-11,5,NGP,Nagpur,640,2026-08-11 20:50:10.909091,10.0,2026-08-11 21:00:10.909091,synthetic
12806,Andhra Express,2026-08-11,6,BPL,Bhopal Jn,980,2026-08-12 03:04:05.454545,8.0,2026-08-12 03:12:05.454545,synthetic
12806,Andhra Express,2026-08-11,7,NDLS,New Delhi,1670,2026-08-12 15:39:49.090909,1.0,2026-08-12 15:40:49.090909,synthetic
12806,Andhra Express,2026-08-12,1,VSKP,Visakhapatnam Jn,0,2026-08-12 09:00:00.000000,2.0,2026-08-12 09:02:00.000000,synthetic
12806,Andhra Express,2026-08-12,2,BZA,Vijayawada Jn,120,2026-08-12 11:13:54.545455,5.0,2026-08-12 11:18:54.545455,synthetic
12806,Andhra Express,2026-08-12,3,WL,Warangal,300,2026-08-12 14:33:16.363636,2.0,2026-08-12 14:35:16.363636,synthetic
12806,Andhra Express,2026-08-12,4,KZJ,Kazipet Jn,320,2026-08-12 14:58:05.454545,0.0,2026-08-12 14:58:05.454545,synthetic
12806,Andhra Express,2026-08-12,5,NGP,Nagpur,640,2026-08-12 20:50:10.909091,12.0,2026-08-12 21:02:10.909091,synthetic
12806,Andhra Express,2026-08-12,6,BPL,Bhopal Jn,980,2026-08-13 03:04:05.454545,13.0,2026-08-13 03:17:05.454545,synthetic
12806,Andhra Express,2026-08-12,7,NDLS,New Delhi,1670,2026-08-13 15:39:49.090909,16.0,2026-08-13 15:55:49.090909,synthetic
12806,Andhra Express,2026-08-13,1,VSKP,Visakhapatnam Jn,0,2026-08-13 09:00:00.000000,2.0,2026-08-13 09:02:00.000000,synthetic
12806,Andhra Express,2026-08-13,2,BZA,Vijayawada Jn,120,2026-08-13 11:13:54.545455,1.0,2026-08-13 11:14:54.545455,synthetic
12806,Andhra Express,2026-08-13,3,WL,Warangal,300,2026-08-13 14:33:16.363636,0.0,2026-08-13 14:33:16.363636,synthetic
12806,Andhra Express,2026-08-13,4,KZJ,Kazipet Jn,320,2026-08-13 14:58:05.454545,0.0,2026-08-13 14:58:05.454545,synthetic
12806,Andhra Express,2026-08-13,5,NGP,Nagpur,640,2026-08-13 20:50:10.909091,12.0,2026-08-13 21:02:10.909091,synthetic
12806,Andhra Express,2026-08-13,6,BPL,Bhopal Jn,980,2026-08-14 03:04:05.454545,11.0,2026-08-14 03:15:05.454545,synthetic
12806,Andhra Express,2026-08-13,7,NDLS,New Delhi,1670,2026-08-14 15:39:49.090909,16.0,2026-08-14 15:55:49.090909,synthetic
12806,Andhra Express,2026-08-14,1,VSKP,Visakhapatnam Jn,0,2026-08-14 09:00:00.000000,1.0,2026-08-14 09:01:00.000000,synthetic
12806,Andhra Express,2026-08-14,2,BZA,Vijayawada Jn,120,2026-08-14 11:13:54.545455,6.0,2026-08-14 11:19:54.545455,synthetic
12806,Andhra Express,2026-08-14,3,WL,Warangal,300,2026-08-14 14:33:16.363636,5.0,2026-08-14 14:38:16.363636,synthetic
12806,Andhra Express,2026-08-14,4,KZJ,Kazipet Jn,320,2026-08-14 14:58:05.454545,3.0,2026-08-14 15:01:05.454545,synthetic
12806,Andhra Express,2026-08-14,5,NGP,Nagpur,640,2026-08-14 20:50:10.909091,14.0,2026-08-14 21:04:10.909091,synthetic
12806,Andhra Express,2026-08-14,6,BPL,Bhopal Jn,980,2026-08-15 03:04:05.454545,14.0,2026-08-15 03:18:05.454545,synthetic
12806,Andhra Express,2026-08-14,7,NDLS,New Delhi,1670,2026-08-15 15:39:49.090909,7.0,2026-08-15 15:46:49.090909,synthetic
12806,Andhra Express,2026-08-15,1,VSKP,Visakhapatnam Jn,0,2026-08-15 09:00:00.000000,3.0,2026-08-15 09:03:00.000000,synthetic
12806,Andhra Express,2026-08-15,2,BZA,Vijayawada Jn,120,2026-08-15 11:13:54.545455,4.0,2026-08-15 11:17:54.545455,synthetic
12806,Andhra Express,2026-08-15,3,WL,Warangal,300,2026-08-15 14:33:16.363636,8.0,2026-08-15 14:41:16.363636,synthetic
12806,Andhra Express,2026-08-15,4,KZJ,Kazipet Jn,320,2026-08-15 14:58:05.454545,9.0,2026-08-15 15:07:05.454545,synthetic
12806,Andhra Express,2026-08-15,5,NGP,Nagpur,640,2026-08-15 20:50:10.909091,5.0,2026-08-15 20:55:10.909091,synthetic
12806,Andhra Express,2026-08-15,6,BPL,Bhopal Jn,980,2026-08-16 03:04:05.454545,0.0,2026-08-16 03:04:05.454545,synthetic
12806,Andhra Express,2026-08-15,7,NDLS,New Delhi,1670,2026-08-16 15:39:49.090909,0.0,2026-08-16 15:39:49.090909,synthetic
12806,Andhra Express,2026-08-16,1,VSKP,Visakhapatnam Jn,0,2026-08-16 09:00:00.000000,4.0,2026-08-16 09:04:00.000000,synthetic
12806,Andhra Express,2026-08-16,2,BZA,Vijayawada Jn,120,2026-08-16 11:13:54.545455,4.0,2026-08-16 11:17:54.545455,synthetic
12806,Andhra Express,2026-08-16,3,WL,Warangal,300,2026-08-16 14:33:16.363636,5.0,2026-08-16 14:38:16.363636,synthetic
12806,Andhra Express,2026-08-16,4,KZJ,Kazipet Jn,320,2026-08-16 14:58:05.454545,10.0,2026-08-16 15:08:05.454545,synthetic
12806,Andhra Express,2026-08-16,5,NGP,Nagpur,640,2026-08-16 20:50:10.909091,12.0,2026-08-16 21:02:10.909091,synthetic
12806,Andhra Express,2026-08-16,6,BPL,Bhopal Jn,980,2026-08-17 03:04:05.454545,11.0,2026-08-17 03:15:05.454545,synthetic
12806,Andhra Express,2026-08-16,7,NDLS,New Delhi,1670,2026-08-17 15:39:49.090909,10.0,2026-08-17 15:49:49.090909,synthetic
12806,Andhra Express,2026-08-17,1,VSKP,Visakhapatnam Jn,0,2026-08-17 09:00:00.000000,2.0,2026-08-17 09:02:00.000000,synthetic
12806,Andhra Express,2026-08-17,2,BZA,Vijayawada Jn,120,2026-08-17 11:13:54.545455,16.0,2026-08-17 11:29:54.545455,synthetic
12806,Andhra Express,2026-08-17,3,WL,Warangal,300,2026-08-17 14:33:16.363636,11.0,2026-08-17 14:44:16.363636,synthetic
12806,Andhra Express,2026-08-17,4,KZJ,Kazipet Jn,320,2026-08-17 14:58:05.454545,4.0,2026-08-17 15:02:05.454545,synthetic
12806,Andhra Express,2026-08-17,5,NGP,Nagpur,640,2026-08-17 20:50:10.909091,12.0,2026-08-17 21:02:10.909091,synthetic
12806,Andhra Express,2026-08-17,6,BPL,Bhopal Jn,980,2026-08-18 03:04:05.454545,7.0,2026-08-18 03:11:05.454545,synthetic
12806,Andhra Express,2026-08-17,7,NDLS,New Delhi,1670,2026-08-18 15:39:49.090909,0.0,2026-08-18 15:39:49.090909,synthetic
12806,Andhra Express,2026-08-18,1,VSKP,Visakhapatnam Jn,0,2026-08-18 09:00:00.000000,0.0,2026-08-18 09:00:00.000000,synthetic
12806,Andhra Express,2026-08-18,2,BZA,Vijayawada Jn,120,2026-08-18 11:13:54.545455,10.0,2026-08-18 11:23:54.545455,synthetic
12806,Andhra Express,2026-08-18,3,WL,Warangal,300,2026-08-18 14:33:16.363636,6.0,2026-08-18 14:39:16.363636,synthetic
12806,Andhra Express,2026-08-18,4,KZJ,Kazipet Jn,320,2026-08-18 14:58:05.454545,0.0,2026-08-18 14:58:05.454545,synthetic
12806,Andhra Express,2026-08-18,5,NGP,Nagpur,640,2026-08-18 20:50:10.909091,11.0,2026-08-18 21:01:10.909091,synthetic
12806,Andhra Express,2026-08-18,6,BPL,Bhopal Jn,980,2026-08-19 03:04:05.454545,9.0,2026-08-19 03:13:05.454545,synthetic
12806,Andhra Express,2026-08-18,7,NDLS,New Delhi,1670,2026-08-19 15:39:49.090909,19.0,2026-08-19 15:58:49.090909,synthetic
12806,Andhra Express,2026-08-19,1,VSKP,Visakhapatnam Jn,0,2026-08-19 09:00:00.000000,1.0,2026-08-19 09:01:00.000000,synthetic
12806,Andhra Express,2026-08-19,2,BZA,Vijayawada Jn,120,2026-08-19 11:13:54.545455,8.0,2026-08-19 11:21:54.545455,synthetic
12806,Andhra Express,2026-08-19,3,WL,Warangal,300,2026-08-19 14:33:16.363636,8.0,2026-08-19 14:41:16.363636,synthetic
12806,Andhra Express,2026-08-19,4,KZJ,Kazipet Jn,320,2026-08-19 14:58:05.454545,9.0,2026-08-19 15:07:05.454545,synthetic
12806,Andhra Express,2026-08-19,5,NGP,Nagpur,640,2026-08-19 20:50:10.909091,10.0,2026-08-19 21:00:10.909091,synthetic
12806,Andhra Express,2026-08-19,6,BPL,Bhopal Jn,980,2026-08-20 03:04:05.454545,8.0,2026-08-20 03:12:05.454545,synthetic
12806,Andhra Express,2026-08-19,7,NDLS,New Delhi,1670,2026-08-20 15:39:49.090909,8.0,2026-08-20 15:47:49.090909,synthetic
12806,Andhra Express,2026-08-20,1,VSKP,Visakhapatnam Jn,0,2026-08-20 09:00:00.000000,3.0,2026-08-20 09:03:00.000000,synthetic
12806,Andhra Express,2026-08-20,2,BZA,Vijayawada Jn,120,2026-08-20 11:13:54.545455,5.0,2026-08-20 11:18:54.545455,synthetic
12806,Andhra Express,2026-08-20,3,WL,Warangal,300,2026-08-20 14:33:16.363636,6.0,2026-08-20 14:39:16.363636,synthetic
12806,Andhra Express,2026-08-20,4,KZJ,Kazipet Jn,320,2026-08-20 14:58:05.454545,4.0,2026-08-20 15:02:05.454545,synthetic
12806,Andhra Express,2026-08-20,5,NGP,Nagpur,640,2026-08-20 20:50:10.909091,13.0,2026-08-20 21:03:10.909091,synthetic
12806,Andhra Express,2026-08-20,6,BPL,Bhopal Jn,980,2026-08-21 03:04:05.454545,19.0,2026-08-21 03:23:05.454545,synthetic
12806,Andhra Express,2026-08-20,7,NDLS,New Delhi,1670,2026-08-21 15:39:49.090909,12.0,2026-08-21 15:51:49.090909,synthetic
12806,Andhra Express,2026-08-21,1,VSKP,Visakhapatnam Jn,0,2026-08-21 09:00:00.000000,4.0,2026-08-21 09:04:00.000000,synthetic
12806,Andhra Express,2026-08-21,2,BZA,Vijayawada Jn,120,2026-08-21 11:13:54.545455,0.0,2026-08-21 11:13:54.545455,synthetic
12806,Andhra Express,2026-08-21,3,WL,Warangal,300,2026-08-21 14:33:16.363636,2.0,2026-08-21 14:35:16.363636,synthetic
12806,Andhra Express,2026-08-21,4,KZJ,Kazipet Jn,320,2026-08-21 14:58:05.454545,119.0,2026-08-21 16:57:05.454545,synthetic
12806,Andhra Express,2026-08-21,5,NGP,Nagpur,640,2026-08-21 20:50:10.909091,102.0,2026-08-21 22:32:10.909091,synthetic
12806,Andhra Express,2026-08-21,6,BPL,Bhopal Jn,980,2026-08-22 03:04:05.454545,84.0,2026-08-22 04:28:05.454545,synthetic
12806,Andhra Express,2026-08-21,7,NDLS,New Delhi,1670,2026-08-22 15:39:49.090909,72.0,2026-08-22 16:51:49.090909,synthetic
12806,Andhra Express,2026-08-22,1,VSKP,Visakhapatnam Jn,0,2026-08-22 09:00:00.000000,2.0,2026-08-22 09:02:00.000000,synthetic
12806,Andhra Express,2026-08-22,2,BZA,Vijayawada Jn,120,2026-08-22 11:13:54.545455,4.0,2026-08-22 11:17:54.545455,synthetic
12806,Andhra Express,2026-08-22,3,WL,Warangal,300,2026-08-22 14:33:16.363636,0.0,2026-08-22 14:33:16.363636,synthetic
12806,Andhra Express,2026-08-22,4,KZJ,Kazipet Jn,320,2026-08-22 14:58:05.454545,6.0,2026-08-22 15:04:05.454545,synthetic
12806,Andhra Express,2026-08-22,5,NGP,Nagpur,640,2026-08-22 20:50:10.909091,13.0,2026-08-22 21:03:10.909091,synthetic
12806,Andhra Express,2026-08-22,6,BPL,Bhopal Jn,980,2026-08-23 03:04:05.454545,10.0,2026-08-23 03:14:05.454545,synthetic
12806,Andhra Express,2026-08-22,7,NDLS,New Delhi,1670,2026-08-23 15:39:49.090909,10.0,2026-08-23 15:49:49.090909,synthetic
12806,Andhra Express,2026-08-23,1,VSKP,Visakhapatnam Jn,0,2026-08-23 09:00:00.000000,3.0,2026-08-23 09:03:00.000000,synthetic
12806,Andhra Express,2026-08-23,2,BZA,Vijayawada Jn,120,2026-08-23 11:13:54.545455,9.0,2026-08-23 11:22:54.545455,synthetic
12806,Andhra Express,2026-08-23,3,WL,Warangal,300,2026-08-23 14:33:16.363636,17.0,2026-08-23 14:50:16.363636,synthetic
12806,Andhra Express,2026-08-23,4,KZJ,Kazipet Jn,320,2026-08-23 14:58:05.454545,18.0,2026-08-23 15:16:05.454545,synthetic
12806,Andhra Express,2026-08-23,5,NGP,Nagpur,640,2026-08-23 20:50:10.909091,19.0,2026-08-23 21:09:10.909091,synthetic
12806,Andhra Express,2026-08-23,6,BPL,Bhopal Jn,980,2026-08-24 03:04:05.454545,19.0,2026-08-24 03:23:05.454545,synthetic
12806,Andhra Express,2026-08-23,7,NDLS,New Delhi,1670,2026-08-24 15:39:49.090909,20.0,2026-08-24 15:59:49.090909,synthetic
12806,Andhra Express,2026-08-24,1,VSKP,Visakhapatnam Jn,0,2026-08-24 09:00:00.000000,4.0,2026-08-24 09:04:00.000000,synthetic
12806,Andhra Express,2026-08-24,2,BZA,Vijayawada Jn,120,2026-08-24 11:13:54.545455,13.0,2026-08-24 11:26:54.545455,synthetic
12806,Andhra Express,2026-08-24,3,WL,Warangal,300,2026-08-24 14:33:16.363636,6.0,2026-08-24 14:39:16.363636,synthetic
12806,Andhra Express,2026-08-24,4,KZJ,Kazipet Jn,320,2026-08-24 14:58:05.454545,1.0,2026-08-24 14:59:05.454545,synthetic
12806,Andhra Express,2026-08-24,5,NGP,Nagpur,640,2026-08-24 20:50:10.909091,14.0,2026-08-24 21:04:10.909091,synthetic
12806,Andhra Express,2026-08-24,6,BPL,Bhopal Jn,980,2026-08-25 03:04:05.454545,9.0,2026-08-25 03:13:05.454545,synthetic
12806,Andhra Express,2026-08-24,7,NDLS,New Delhi,1670,2026-08-25 15:39:49.090909,7.0,2026-08-25 15:46:49.090909,synthetic
12806,Andhra Express,2026-08-25,1,VSKP,Visakhapatnam Jn,0,2026-08-25 09:00:00.000000,1.0,2026-08-25 09:01:00.000000,synthetic
12806,Andhra Express,2026-08-25,2,BZA,Vijayawada Jn,120,2026-08-25 11:13:54.545455,1.0,2026-08-25 11:14:54.545455,synthetic
12806,Andhra Express,2026-08-25,3,WL,Warangal,300,2026-08-25 14:33:16.363636,1.0,2026-08-25 14:34:16.363636,synthetic
12806,Andhra Express,2026-08-25,4,KZJ,Kazipet Jn,320,2026-08-25 14:58:05.454545,4.0,2026-08-25 15:02:05.454545,synthetic
12806,Andhra Express,2026-08-25,5,NGP,Nagpur,640,2026-08-25 20:50:10.909091,14.0,2026-08-25 21:04:10.909091,synthetic
12806,Andhra Express,2026-08-25,6,BPL,Bhopal Jn,980,2026-08-26 03:04:05.454545,4.0,2026-08-26 03:08:05.454545,synthetic
12806,Andhra Express,2026-08-25,7,NDLS,New Delhi,1670,2026-08-26 15:39:49.090909,5.0,2026-08-26 15:44:49.090909,synthetic
12806,Andhra Express,2026-08-26,1,VSKP,Visakhapatnam Jn,0,2026-08-26 09:00:00.000000,5.0,2026-08-26 09:05:00.000000,synthetic
12806,Andhra Express,2026-08-26,2,BZA,Vijayawada Jn,120,2026-08-26 11:13:54.545455,8.0,2026-08-26 11:21:54.545455,synthetic
12806,Andhra Express,2026-08-26,3,WL,Warangal,300,2026-08-26 14:33:16.363636,13.0,2026-08-26 14:46:16.363636,synthetic
12806,Andhra Express,2026-08-26,4,KZJ,Kazipet Jn,320,2026-08-26 14:58:05.454545,13.0,2026-08-26 15:11:05.454545,synthetic
12806,Andhra Express,2026-08-26,5,NGP,Nagpur,640,2026-08-26 20:50:10.909091,16.0,2026-08-26 21:06:10.909091,synthetic
12806,Andhra Express,2026-08-26,6,BPL,Bhopal Jn,980,2026-08-27 03:04:05.454545,14.0,2026-08-27 03:18:05.454545,synthetic
12806,Andhra Express,2026-08-26,7,NDLS,New Delhi,1670,2026-08-27 15:39:49.090909,16.0,2026-08-27 15:55:49.090909,synthetic
12806,Andhra Express,2026-08-27,1,VSKP,Visakhapatnam Jn,0,2026-08-27 09:00:00.000000,0.0,2026-08-27 09:00:00.000000,synthetic
12806,Andhra Express,2026-08-27,2,BZA,Vijayawada Jn,120,2026-08-27 11:13:54.545455,6.0,2026-08-27 11:19:54.545455,synthetic
12806,Andhra Express,2026-08-27,3,WL,Warangal,300,2026-08-27 14:33:16.363636,3.0,2026-08-27 14:36:16.363636,synthetic
12806,Andhra Express,2026-08-27,4,KZJ,Kazipet Jn,320,2026-08-27 14:58:05.454545,7.0,2026-08-27 15:05:05.454545,synthetic
12806,Andhra Express,2026-08-27,5,NGP,Nagpur,640,2026-08-27 20:50:10.909091,18.0,2026-08-27 21:08:10.909091,synthetic
12806,Andhra Express,2026-08-27,6,BPL,Bhopal Jn,980,2026-08-28 03:04:05.454545,20.0,2026-08-28 03:24:05.454545,synthetic
12806,Andhra Express,2026-08-27,7,NDLS,New Delhi,1670,2026-08-28 15:39:49.090909,27.0,2026-08-28 16:06:49.090909,synthetic
12806,Andhra Express,2026-08-28,1,VSKP,Visakhapatnam Jn,0,2026-08-28 09:00:00.000000,0.0,2026-08-28 09:00:00.000000,synthetic
12806,Andhra Express,2026-08-28,2,BZA,Vijayawada Jn,120,2026-08-28 11:13:54.545455,0.0,2026-08-28 11:13:54.545455,synthetic
12806,Andhra Express,2026-08-28,3,WL,Warangal,300,2026-08-28 14:33:16.363636,4.0,2026-08-28 14:37:16.363636,synthetic
12806,Andhra Express,2026-08-28,4,KZJ,Kazipet Jn,320,2026-08-28 14:58:05.454545,0.0,2026-08-28 14:58:05.454545,synthetic
12806,Andhra Express,2026-08-28,5,NGP,Nagpur,640,2026-08-28 20:50:10.909091,3.0,2026-08-28 20:53:10.909091,synthetic
12806,Andhra Express,2026-08-28,6,BPL,Bhopal Jn,980,2026-08-29 03:04:05.454545,6.0,2026-08-29 03:10:05.454545,synthetic
12806,Andhra Express,2026-08-28,7,NDLS,New Delhi,1670,2026-08-29 15:39:49.090909,0.0,2026-08-29 15:39:49.090909,synthetic
12806,Andhra Express,2026-08-29,1,VSKP,Visakhapatnam Jn,0,2026-08-29 09:00:00.000000,2.0,2026-08-29 09:02:00.000000,synthetic
12806,Andhra Express,2026-08-29,2,BZA,Vijayawada Jn,120,2026-08-29 11:13:54.545455,6.0,2026-08-29 11:19:54.545455,synthetic
12806,Andhra Express,2026-08-29,3,WL,Warangal,300,2026-08-29 14:33:16.363636,8.0,2026-08-29 14:41:16.363636,synthetic
12806,Andhra Express,2026-08-29,4,KZJ,Kazipet Jn,320,2026-08-29 14:58:05.454545,10.0,2026-08-29 15:08:05.454545,synthetic
12806,Andhra Express,2026-08-29,5,NGP,Nagpur,640,2026-08-29 20:50:10.909091,11.0,2026-08-29 21:01:10.909091,synthetic
12806,Andhra Express,2026-08-29,6,BPL,Bhopal Jn,980,2026-08-30 03:04:05.454545,13.0,2026-08-30 03:17:05.454545,synthetic
12806,Andhra Express,2026-08-29,7,NDLS,New Delhi,1670,2026-08-30 15:39:49.090909,11.0,2026-08-30 15:50:49.090909,synthetic
12806,Andhra Express,2026-08-30,1,VSKP,Visakhapatnam Jn,0,2026-08-30 09:00:00.000000,1.0,2026-08-30 09:01:00.000000,synthetic
12806,Andhra Express,2026-08-30,2,BZA,Vijayawada Jn,120,2026-08-30 11:13:54.545455,3.0,2026-08-30 11:16:54.545455,synthetic
12806,Andhra Express,2026-08-30,3,WL,Warangal,300,2026-08-30 14:33:16.363636,0.0,2026-08-30 14:33:16.363636,synthetic
12806,Andhra Express,2026-08-30,4,KZJ,Kazipet Jn,320,2026-08-30 14:58:05.454545,0.0,2026-08-30 14:58:05.454545,synthetic
12806,Andhra Express,2026-08-30,5,NGP,Nagpur,640,2026-08-30 20:50:10.909091,8.0,2026-08-30 20:58:10.909091,synthetic
12806,Andhra Express,2026-08-30,6,BPL,Bhopal Jn,980,2026-08-31 03:04:05.454545,10.0,2026-08-31 03:14:05.454545,synthetic
12806,Andhra Express,2026-08-30,7,NDLS,New Delhi,1670,2026-08-31 15:39:49.090909,70.0,2026-08-31 16:49:49.090909,synthetic
12806,Andhra Express,2026-08-31,1,VSKP,Visakhapatnam Jn,0,2026-08-31 09:00:00.000000,2.0,2026-08-31 09:02:00.000000,synthetic
12806,Andhra Express,2026-08-31,2,BZA,Vijayawada Jn,120,2026-08-31 11:13:54.545455,2.0,2026-08-31 11:15:54.545455,synthetic
12806,Andhra Express,2026-08-31,3,WL,Warangal,300,2026-08-31 14:33:16.363636,0.0,2026-08-31 14:33:16.363636,synthetic
12806,Andhra Express,2026-08-31,4,KZJ,Kazipet Jn,320,2026-08-31 14:58:05.454545,0.0,2026-08-31 14:58:05.454545,synthetic
12806,Andhra Express,2026-08-31,5,NGP,Nagpur,640,2026-08-31 20:50:10.909091,12.0,2026-08-31 21:02:10.909091,synthetic
12806,Andhra Express,2026-08-31,6,BPL,Bhopal Jn,980,2026-09-01 03:04:05.454545,6.0,2026-09-01 03:10:05.454545,synthetic
12806,Andhra Express,2026-08-31,7,NDLS,New Delhi,1670,2026-09-01 15:39:49.090909,3.0,2026-09-01 15:42:49.090909,synthetic
12806,Andhra Express,2026-09-01,1,VSKP,Visakhapatnam Jn,0,2026-09-01 09:00:00.000000,2.0,2026-09-01 09:02:00.000000,synthetic
12806,Andhra Express,2026-09-01,2,BZA,Vijayawada Jn,120,2026-09-01 11:13:54.545455,6.0,2026-09-01 11:19:54.545455,synthetic
12806,Andhra Express,2026-09-01,3,WL,Warangal,300,2026-09-01 14:33:16.363636,3.0,2026-09-01 14:36:16.363636,synthetic
12806,Andhra Express,2026-09-01,4,KZJ,Kazipet Jn,320,2026-09-01 14:58:05.454545,2.0,2026-09-01 15:00:05.454545,synthetic
12806,Andhra Express,2026-09-01,5,NGP,Nagpur,640,2026-09-01 20:50:10.909091,7.0,2026-09-01 20:57:10.909091,synthetic
12806,Andhra Express,2026-09-01,6,BPL,Bhopal Jn,980,2026-09-02 03:04:05.454545,11.0,2026-09-02 03:15:05.454545,synthetic
12806,Andhra Express,2026-09-01,7,NDLS,New Delhi,1670,2026-09-02 15:39:49.090909,7.0,2026-09-02 15:46:49.090909,synthetic
12806,Andhra Express,2026-09-02,1,VSKP,Visakhapatnam Jn,0,2026-09-02 09:00:00.000000,4.0,2026-09-02 09:04:00.000000,synthetic
12806,Andhra Express,2026-09-02,2,BZA,Vijayawada Jn,120,2026-09-02 11:13:54.545455,10.0,2026-09-02 11:23:54.545455,synthetic
12806,Andhra Express,2026-09-02,3,WL,Warangal,300,2026-09-02 14:33:16.363636,10.0,2026-09-02 14:43:16.363636,synthetic
12806,Andhra Express,2026-09-02,4,KZJ,Kazipet Jn,320,2026-09-02 14:58:05.454545,21.0,2026-09-02 15:19:05.454545,synthetic
12806,Andhra Express,2026-09-02,5,NGP,Nagpur,640,2026-09-02 20:50:10.909091,23.0,2026-09-02 21:13:10.909091,synthetic
12806,Andhra Express,2026-09-02,6,BPL,Bhopal Jn,980,2026-09-03 03:04:05.454545,23.0,2026-09-03 03:27:05.454545,synthetic
12806,Andhra Express,2026-09-02,7,NDLS,New Delhi,1670,2026-09-03 15:39:49.090909,22.0,2026-09-03 16:01:49.090909,synthetic
12806,Andhra Express,2026-09-03,1,VSKP,Visakhapatnam Jn,0,2026-09-03 09:00:00.000000,3.0,2026-09-03 09:03:00.000000,synthetic
12806,Andhra Express,2026-09-03,2,BZA,Vijayawada Jn,120,2026-09-03 11:13:54.545455,0.0,2026-09-03 11:13:54.545455,synthetic
12806,Andhra Express,2026-09-03,3,WL,Warangal,300,2026-09-03 14:33:16.363636,0.0,2026-09-03 14:33:16.363636,synthetic
12806,Andhra Express,2026-09-03,4,KZJ,Kazipet Jn,320,2026-09-03 14:58:05.454545,3.0,2026-09-03 15:01:05.454545,synthetic
12806,Andhra Express,2026-09-03,5,NGP,Nagpur,640,2026-09-03 20:50:10.909091,10.0,2026-09-03 21:00:10.909091,synthetic
12806,Andhra Express,2026-09-03,6,BPL,Bhopal Jn,980,2026-09-04 03:04:05.454545,10.0,2026-09-04 03:14:05.454545,synthetic
12806,Andhra Express,2026-09-03,7,NDLS,New Delhi,1670,2026-09-04 15:39:49.090909,9.0,2026-09-04 15:48:49.090909,synthetic
12806,Andhra Express,2026-09-04,1,VSKP,Visakhapatnam Jn,0,2026-09-04 09:00:00.000000,3.0,2026-09-04 09:03:00.000000,synthetic
12806,Andhra Express,2026-09-04,2,BZA,Vijayawada Jn,120,2026-09-04 11:13:54.545455,7.0,2026-09-04 11:20:54.545455,synthetic
12806,Andhra Express,2026-09-04,3,WL,Warangal,300,2026-09-04 14:33:16.363636,11.0,2026-09-04 14:44:16.363636,synthetic
12806,Andhra Express,2026-09-04,4,KZJ,Kazipet Jn,320,2026-09-04 14:58:05.454545,14.0,2026-09-04 15:12:05.454545,synthetic
12806,Andhra Express,2026-09-04,5,NGP,Nagpur,640,2026-09-04 20:50:10.909091,19.0,2026-09-04 21:09:10.909091,synthetic
12806,Andhra Express,2026-09-04,6,BPL,Bhopal Jn,980,2026-09-05 03:04:05.454545,17.0,2026-09-05 03:21:05.454545,synthetic
12806,Andhra Express,2026-09-04,7,NDLS,New Delhi,1670,2026-09-05 15:39:49.090909,13.0,2026-09-05 15:52:49.090909,synthetic
12727,Godavari Express,2026-08-01,1,VSKP,Visakhapatnam Jn,0,2026-08-01 06:15:00.000000,0.0,2026-08-01 06:15:00.000000,synthetic
12727,Godavari Express,2026-08-01,2,RJY,Rajahmundry,80,2026-08-01 07:40:45.517241,9.0,2026-08-01 07:49:45.517241,synthetic
12727,Godavari Express,2026-08-01,3,KMT,Khammam,260,2026-08-01 10:49:57.931034,14.0,2026-08-01 11:03:57.931034,synthetic
12727,Godavari Express,2026-08-01,4,WL,Warangal,300,2026-08-01 11:34:20.689655,13.0,2026-08-01 11:47:20.689655,synthetic
12727,Godavari Express,2026-08-01,5,SC,Secunderabad Jn,500,2026-08-01 15:04:14.482759,12.0,2026-08-01 15:16:14.482759,synthetic
12727,Godavari Express,2026-08-02,1,VSKP,Visakhapatnam Jn,0,2026-08-02 06:15:00.000000,0.0,2026-08-02 06:15:00.000000,synthetic
12727,Godavari Express,2026-08-02,2,RJY,Rajahmundry,80,2026-08-02 07:40:45.517241,2.0,2026-08-02 07:42:45.517241,synthetic
12727,Godavari Express,2026-08-02,3,KMT,Khammam,260,2026-08-02 10:49:57.931034,60.0,2026-08-02 11:49:57.931034,synthetic
12727,Godavari Express,2026-08-02,4,WL,Warangal,300,2026-08-02 11:34:20.689655,38.0,2026-08-02 12:12:20.689655,synthetic
12727,Godavari Express,2026-08-02,5,SC,Secunderabad Jn,500,2026-08-02 15:04:14.482759,43.0,2026-08-02 15:47:14.482759,synthetic
12727,Godavari Express,2026-08-03,1,VSKP,Visakhapatnam Jn,0,2026-08-03 06:15:00.000000,1.0,2026-08-03 06:16:00.000000,synthetic
12727,Godavari Express,2026-08-03,2,RJY,Rajahmundry,80,2026-08-03 07:40:45.517241,0.0,2026-08-03 07:40:45.517241,synthetic
12727,Godavari Express,2026-08-03,3,KMT,Khammam,260,2026-08-03 10:49:57.931034,2.0,2026-08-03 10:51:57.931034,synthetic
12727,Godavari Express,2026-08-03,4,WL,Warangal,300,2026-08-03 11:34:20.689655,7.0,2026-08-03 11:41:20.689655,synthetic
12727,Godavari Express,2026-08-03,5,SC,Secunderabad Jn,500,2026-08-03 15:04:14.482759,9.0,2026-08-03 15:13:14.482759,synthetic
12727,Godavari Express,2026-08-04,1,VSKP,Visakhapatnam Jn,0,2026-08-04 06:15:00.000000,4.0,2026-08-04 06:19:00.000000,synthetic
12727,Godavari Express,2026-08-04,2,RJY,Rajahmundry,80,2026-08-04 07:40:45.517241,3.0,2026-08-04 07:43:45.517241,synthetic
12727,Godavari Express,2026-08-04,3,KMT,Khammam,260,2026-08-04 10:49:57.931034,9.0,2026-08-04 10:58:57.931034,synthetic
12727,Godavari Express,2026-08-04,4,WL,Warangal,300,2026-08-04 11:34:20.689655,14.0,2026-08-04 11:48:20.689655,synthetic
12727,Godavari Express,2026-08-04,5,SC,Secunderabad Jn,500,2026-08-04 15:04:14.482759,19.0,2026-08-04 15:23:14.482759,synthetic
12727,Godavari Express,2026-08-05,1,VSKP,Visakhapatnam Jn,0,2026-08-05 06:15:00.000000,3.0,2026-08-05 06:18:00.000000,synthetic
12727,Godavari Express,2026-08-05,2,RJY,Rajahmundry,80,2026-08-05 07:40:45.517241,5.0,2026-08-05 07:45:45.517241,synthetic
12727,Godavari Express,2026-08-05,3,KMT,Khammam,260,2026-08-05 10:49:57.931034,4.0,2026-08-05 10:53:57.931034,synthetic
12727,Godavari Express,2026-08-05,4,WL,Warangal,300,2026-08-05 11:34:20.689655,0.0,2026-08-05 11:34:20.689655,synthetic
12727,Godavari Express,2026-08-05,5,SC,Secunderabad Jn,500,2026-08-05 15:04:14.482759,1.0,2026-08-05 15:05:14.482759,synthetic
12727,Godavari Express,2026-08-06,1,VSKP,Visakhapatnam Jn,0,2026-08-06 06:15:00.000000,0.0,2026-08-06 06:15:00.000000,synthetic
12727,Godavari Express,2026-08-06,2,RJY,Rajahmundry,80,2026-08-06 07:40:45.517241,0.0,2026-08-06 07:40:45.517241,synthetic
12727,Godavari Express,2026-08-06,3,KMT,Khammam,260,2026-08-06 10:49:57.931034,2.0,2026-08-06 10:51:57.931034,synthetic
12727,Godavari Express,2026-08-06,4,WL,Warangal,300,2026-08-06 11:34:20.689655,2.0,2026-08-06 11:36:20.689655,synthetic
12727,Godavari Express,2026-08-06,5,SC,Secunderabad Jn,500,2026-08-06 15:04:14.482759,2.0,2026-08-06 15:06:14.482759,synthetic
12727,Godavari Express,2026-08-07,1,VSKP,Visakhapatnam Jn,0,2026-08-07 06:15:00.000000,3.0,2026-08-07 06:18:00.000000,synthetic
12727,Godavari Express,2026-08-07,2,RJY,Rajahmundry,80,2026-08-07 07:40:45.517241,11.0,2026-08-07 07:51:45.517241,synthetic
12727,Godavari Express,2026-08-07,3,KMT,Khammam,260,2026-08-07 10:49:57.931034,15.0,2026-08-07 11:04:57.931034,synthetic
12727,Godavari Express,2026-08-07,4,WL,Warangal,300,2026-08-07 11:34:20.689655,13.0,2026-08-07 11:47:20.689655,synthetic
12727,Godavari Express,2026-08-07,5,SC,Secunderabad Jn,500,2026-08-07 15:04:14.482759,8.0,2026-08-07 15:12:14.482759,synthetic
12727,Godavari Express,2026-08-08,1,VSKP,Visakhapatnam Jn,0,2026-08-08 06:15:00.000000,0.0,2026-08-08 06:15:00.000000,synthetic
12727,Godavari Express,2026-08-08,2,RJY,Rajahmundry,80,2026-08-08 07:40:45.517241,2.0,2026-08-08 07:42:45.517241,synthetic
12727,Godavari Express,2026-08-08,3,KMT,Khammam,260,2026-08-08 10:49:57.931034,3.0,2026-08-08 10:52:57.931034,synthetic
12727,Godavari Express,2026-08-08,4,WL,Warangal,300,2026-08-08 11:34:20.689655,3.0,2026-08-08 11:37:20.689655,synthetic
12727,Godavari Express,2026-08-08,5,SC,Secunderabad Jn,500,2026-08-08 15:04:14.482759,9.0,2026-08-08 15:13:14.482759,synthetic
12727,Godavari Express,2026-08-09,1,VSKP,Visakhapatnam Jn,0,2026-08-09 06:15:00.000000,2.0,2026-08-09 06:17:00.000000,synthetic
12727,Godavari Express,2026-08-09,2,RJY,Rajahmundry,80,2026-08-09 07:40:45.517241,10.0,2026-08-09 07:50:45.517241,synthetic
12727,Godavari Express,2026-08-09,3,KMT,Khammam,260,2026-08-09 10:49:57.931034,4.0,2026-08-09 10:53:57.931034,synthetic
12727,Godavari Express,2026-08-09,4,WL,Warangal,300,2026-08-09 11:34:20.689655,4.0,2026-08-09 11:38:20.689655,synthetic
12727,Godavari Express,2026-08-09,5,SC,Secunderabad Jn,500,2026-08-09 15:04:14.482759,3.0,2026-08-09 15:07:14.482759,synthetic
12727,Godavari Express,2026-08-10,1,VSKP,Visakhapatnam Jn,0,2026-08-10 06:15:00.000000,5.0,2026-08-10 06:20:00.000000,synthetic
12727,Godavari Express,2026-08-10,2,RJY,Rajahmundry,80,2026-08-10 07:40:45.517241,9.0,2026-08-10 07:49:45.517241,synthetic
12727,Godavari Express,2026-08-10,3,KMT,Khammam,260,2026-08-10 10:49:57.931034,0.0,2026-08-10 10:49:57.931034,synthetic
12727,Godavari Express,2026-08-10,4,WL,Warangal,300,2026-08-10 11:34:20.689655,0.0,2026-08-10 11:34:20.689655,synthetic
12727,Godavari Express,2026-08-10,5,SC,Secunderabad Jn,500,2026-08-10 15:04:14.482759,7.0,2026-08-10 15:11:14.482759,synthetic
12727,Godavari Express,2026-08-11,1,VSKP,Visakhapatnam Jn,0,2026-08-11 06:15:00.000000,0.0,2026-08-11 06:15:00.000000,synthetic
12727,Godavari Express,2026-08-11,2,RJY,Rajahmundry,80,2026-08-11 07:40:45.517241,10.0,2026-08-11 07:50:45.517241,synthetic
12727,Godavari Express,2026-08-11,3,KMT,Khammam,260,2026-08-11 10:49:57.931034,5.0,2026-08-11 10:54:57.931034,synthetic
12727,Godavari Express,2026-08-11,4,WL,Warangal,300,2026-08-11 11:34:20.689655,10.0,2026-08-11 11:44:20.689655,synthetic
12727,Godavari Express,2026-08-11,5,SC,Secunderabad Jn,500,2026-08-11 15:04:14.482759,4.0,2026-08-11 15:08:14.482759,synthetic
12727,Godavari Express,2026-08-12,1,VSKP,Visakhapatnam Jn,0,2026-08-12 06:15:00.000000,1.0,2026-08-12 06:16:00.000000,synthetic
12727,Godavari Express,2026-08-12,2,RJY,Rajahmundry,80,2026-08-12 07:40:45.517241,4.0,2026-08-12 07:44:45.517241,synthetic
12727,Godavari Express,2026-08-12,3,KMT,Khammam,260,2026-08-12 10:49:57.931034,6.0,2026-08-12 10:55:57.931034,synthetic
12727,Godavari Express,2026-08-12,4,WL,Warangal,300,2026-08-12 11:34:20.689655,11.0,2026-08-12 11:45:20.689655,synthetic
12727,Godavari Express,2026-08-12,5,SC,Secunderabad Jn,500,2026-08-12 15:04:14.482759,9.0,2026-08-12 15:13:14.482759,synthetic
12727,Godavari Express,2026-08-13,1,VSKP,Visakhapatnam Jn,0,2026-08-13 06:15:00.000000,4.0,2026-08-13 06:19:00.000000,synthetic
12727,Godavari Express,2026-08-13,2,RJY,Rajahmundry,80,2026-08-13 07:40:45.517241,3.0,2026-08-13 07:43:45.517241,synthetic
12727,Godavari Express,2026-08-13,3,KMT,Khammam,260,2026-08-13 10:49:57.931034,0.0,2026-08-13 10:49:57.931034,synthetic
12727,Godavari Express,2026-08-13,4,WL,Warangal,300,2026-08-13 11:34:20.689655,0.0,2026-08-13 11:34:20.689655,synthetic
12727,Godavari Express,2026-08-13,5,SC,Secunderabad Jn,500,2026-08-13 15:04:14.482759,132.0,2026-08-13 17:16:14.482759,synthetic
12727,Godavari Express,2026-08-14,1,VSKP,Visakhapatnam Jn,0,2026-08-14 06:15:00.000000,2.0,2026-08-14 06:17:00.000000,synthetic
12727,Godavari Express,2026-08-14,2,RJY,Rajahmundry,80,2026-08-14 07:40:45.517241,12.0,2026-08-14 07:52:45.517241,synthetic
12727,Godavari Express,2026-08-14,3,KMT,Khammam,260,2026-08-14 10:49:57.931034,12.0,2026-08-14 11:01:57.931034,synthetic
12727,Godavari Express,2026-08-14,4,WL,Warangal,300,2026-08-14 11:34:20.689655,10.0,2026-08-14 11:44:20.689655,synthetic
12727,Godavari Express,2026-08-14,5,SC,Secunderabad Jn,500,2026-08-14 15:04:14.482759,7.0,2026-08-14 15:11:14.482759,synthetic
12727,Godavari Express,2026-08-15,1,VSKP,Visakhapatnam Jn,0,2026-08-15 06:15:00.000000,5.0,2026-08-15 06:20:00.000000,synthetic
12727,Godavari Express,2026-08-15,2,RJY,Rajahmundry,80,2026-08-15 07:40:45.517241,3.0,2026-08-15 07:43:45.517241,synthetic
12727,Godavari Express,2026-08-15,3,KMT,Khammam,260,2026-08-15 10:49:57.931034,14.0,2026-08-15 11:03:57.931034,synthetic
12727,Godavari Express,2026-08-15,4,WL,Warangal,300,2026-08-15 11:34:20.689655,5.0,2026-08-15 11:39:20.689655,synthetic
12727,Godavari Express,2026-08-15,5,SC,Secunderabad Jn,500,2026-08-15 15:04:14.482759,4.0,2026-08-15 15:08:14.482759,synthetic
12727,Godavari Express,2026-08-16,1,VSKP,Visakhapatnam Jn,0,2026-08-16 06:15:00.000000,0.0,2026-08-16 06:15:00.000000,synthetic
12727,Godavari Express,2026-08-16,2,RJY,Rajahmundry,80,2026-08-16 07:40:45.517241,5.0,2026-08-16 07:45:45.517241,synthetic
12727,Godavari Express,2026-08-16,3,KMT,Khammam,260,2026-08-16 10:49:57.931034,11.0,2026-08-16 11:00:57.931034,synthetic
12727,Godavari Express,2026-08-16,4,WL,Warangal,300,2026-08-16 11:34:20.689655,11.0,2026-08-16 11:45:20.689655,synthetic
12727,Godavari Express,2026-08-16,5,SC,Secunderabad Jn,500,2026-08-16 15:04:14.482759,11.0,2026-08-16 15:15:14.482759,synthetic
12727,Godavari Express,2026-08-17,1,VSKP,Visakhapatnam Jn,0,2026-08-17 06:15:00.000000,0.0,2026-08-17 06:15:00.000000,synthetic
12727,Godavari Express,2026-08-17,2,RJY,Rajahmundry,80,2026-08-17 07:40:45.517241,8.0,2026-08-17 07:48:45.517241,synthetic
12727,Godavari Express,2026-08-17,3,KMT,Khammam,260,2026-08-17 10:49:57.931034,10.0,2026-08-17 10:59:57.931034,synthetic
12727,Godavari Express,2026-08-17,4,WL,Warangal,300,2026-08-17 11:34:20.689655,6.0,2026-08-17 11:40:20.689655,synthetic
12727,Godavari Express,2026-08-17,5,SC,Secunderabad Jn,500,2026-08-17 15:04:14.482759,6.0,2026-08-17 15:10:14.482759,synthetic
12727,Godavari Express,2026-08-18,1,VSKP,Visakhapatnam Jn,0,2026-08-18 06:15:00.000000,2.0,2026-08-18 06:17:00.000000,synthetic
12727,Godavari Express,2026-08-18,2,RJY,Rajahmundry,80,2026-08-18 07:40:45.517241,2.0,2026-08-18 07:42:45.517241,synthetic
12727,Godavari Express,2026-08-18,3,KMT,Khammam,260,2026-08-18 10:49:57.931034,2.0,2026-08-18 10:51:57.931034,synthetic
12727,Godavari Express,2026-08-18,4,WL,Warangal,300,2026-08-18 11:34:20.689655,2.0,2026-08-18 11:36:20.689655,synthetic
12727,Godavari Express,2026-08-18,5,SC,Secunderabad Jn,500,2026-08-18 15:04:14.482759,0.0,2026-08-18 15:04:14.482759,synthetic
12727,Godavari Express,2026-08-19,1,VSKP,Visakhapatnam Jn,0,2026-08-19 06:15:00.000000,3.0,2026-08-19 06:18:00.000000,synthetic
12727,Godavari Express,2026-08-19,2,RJY,Rajahmundry,80,2026-08-19 07:40:45.517241,0.0,2026-08-19 07:40:45.517241,synthetic
12727,Godavari Express,2026-08-19,3,KMT,Khammam,260,2026-08-19 10:49:57.931034,2.0,2026-08-19 10:51:57.931034,synthetic
12727,Godavari Express,2026-08-19,4,WL,Warangal,300,2026-08-19 11:34:20.689655,0.0,2026-08-19 11:34:20.689655,synthetic
12727,Godavari Express,2026-08-19,5,SC,Secunderabad Jn,500,2026-08-19 15:04:14.482759,6.0,2026-08-19 15:10:14.482759,synthetic
12727,Godavari Express,2026-08-20,1,VSKP,Visakhapatnam Jn,0,2026-08-20 06:15:00.000000,3.0,2026-08-20 06:18:00.000000,synthetic
12727,Godavari Express,2026-08-20,2,RJY,Rajahmundry,80,2026-08-20 07:40:45.517241,9.0,2026-08-20 07:49:45.517241,synthetic
12727,Godavari Express,2026-08-20,3,KMT,Khammam,260,2026-08-20 10:49:57.931034,13.0,2026-08-20 11:02:57.931034,synthetic
12727,Godavari Express,2026-08-20,4,WL,Warangal,300,2026-08-20 11:34:20.689655,9.0,2026-08-20 11:43:20.689655,synthetic
12727,Godavari Express,2026-08-20,5,SC,Secunderabad Jn,500,2026-08-20 15:04:14.482759,8.0,2026-08-20 15:12:14.482759,synthetic
12727,Godavari Express,2026-08-21,1,VSKP,Visakhapatnam Jn,0,2026-08-21 06:15:00.000000,5.0,2026-08-21 06:20:00.000000,synthetic
12727,Godavari Express,2026-08-21,2,RJY,Rajahmundry,80,2026-08-21 07:40:45.517241,9.0,2026-08-21 07:49:45.517241,synthetic
12727,Godavari Express,2026-08-21,3,KMT,Khammam,260,2026-08-21 10:49:57.931034,9.0,2026-08-21 10:58:57.931034,synthetic
12727,Godavari Express,2026-08-21,4,WL,Warangal,300,2026-08-21 11:34:20.689655,0.0,2026-08-21 11:34:20.689655,synthetic
12727,Godavari Express,2026-08-21,5,SC,Secunderabad Jn,500,2026-08-21 15:04:14.482759,0.0,2026-08-21 15:04:14.482759,synthetic
12727,Godavari Express,2026-08-22,1,VSKP,Visakhapatnam Jn,0,2026-08-22 06:15:00.000000,0.0,2026-08-22 06:15:00.000000,synthetic
12727,Godavari Express,2026-08-22,2,RJY,Rajahmundry,80,2026-08-22 07:40:45.517241,7.0,2026-08-22 07:47:45.517241,synthetic
12727,Godavari Express,2026-08-22,3,KMT,Khammam,260,2026-08-22 10:49:57.931034,5.0,2026-08-22 10:54:57.931034,synthetic
12727,Godavari Express,2026-08-22,4,WL,Warangal,300,2026-08-22 11:34:20.689655,7.0,2026-08-22 11:41:20.689655,synthetic
12727,Godavari Express,2026-08-22,5,SC,Secunderabad Jn,500,2026-08-22 15:04:14.482759,2.0,2026-08-22 15:06:14.482759,synthetic
12727,Godavari Express,2026-08-23,1,VSKP,Visakhapatnam Jn,0,2026-08-23 06:15:00.000000,3.0,2026-08-23 06:18:00.000000,synthetic
12727,Godavari Express,2026-08-23,2,RJY,Rajahmundry,80,2026-08-23 07:40:45.517241,11.0,2026-08-23 07:51:45.517241,synthetic
12727,Godavari Express,2026-08-23,3,KMT,Khammam,260,2026-08-23 10:49:57.931034,12.0,2026-08-23 11:01:57.931034,synthetic
12727,Godavari Express,2026-08-23,4,WL,Warangal,300,2026-08-23 11:34:20.689655,11.0,2026-08-23 11:45:20.689655,synthetic
12727,Godavari Express,2026-08-23,5,SC,Secunderabad Jn,500,2026-08-23 15:04:14.482759,3.0,2026-08-23 15:07:14.482759,synthetic
12727,Godavari Express,2026-08-24,1,VSKP,Visakhapatnam Jn,0,2026-08-24 06:15:00.000000,3.0,2026-08-24 06:18:00.000000,synthetic
12727,Godavari Express,2026-08-24,2,RJY,Rajahmundry,80,2026-08-24 07:40:45.517241,4.0,2026-08-24 07:44:45.517241,synthetic
12727,Godavari Express,2026-08-24,3,KMT,Khammam,260,2026-08-24 10:49:57.931034,6.0,2026-08-24 10:55:57.931034,synthetic
12727,Godavari Express,2026-08-24,4,WL,Warangal,300,2026-08-24 11:34:20.689655,0.0,2026-08-24 11:34:20.689655,synthetic
12727,Godavari Express,2026-08-24,5,SC,Secunderabad Jn,500,2026-08-24 15:04:14.482759,8.0,2026-08-24 15:12:14.482759,synthetic
12727,Godavari Express,2026-08-25,1,VSKP,Visakhapatnam Jn,0,2026-08-25 06:15:00.000000,4.0,2026-08-25 06:19:00.000000,synthetic
12727,Godavari Express,2026-08-25,2,RJY,Rajahmundry,80,2026-08-25 07:40:45.517241,11.0,2026-08-25 07:51:45.517241,synthetic
12727,Godavari Express,2026-08-25,3,KMT,Khammam,260,2026-08-25 10:49:57.931034,163.0,2026-08-25 13:32:57.931034,synthetic
12727,Godavari Express,2026-08-25,4,WL,Warangal,300,2026-08-25 11:34:20.689655,137.0,2026-08-25 13:51:20.689655,synthetic
12727,Godavari Express,2026-08-25,5,SC,Secunderabad Jn,500,2026-08-25 15:04:14.482759,115.0,2026-08-25 16:59:14.482759,synthetic
12727,Godavari Express,2026-08-26,1,VSKP,Visakhapatnam Jn,0,2026-08-26 06:15:00.000000,0.0,2026-08-26 06:15:00.000000,synthetic
12727,Godavari Express,2026-08-26,2,RJY,Rajahmundry,80,2026-08-26 07:40:45.517241,8.0,2026-08-26 07:48:45.517241,synthetic
12727,Godavari Express,2026-08-26,3,KMT,Khammam,260,2026-08-26 10:49:57.931034,1.0,2026-08-26 10:50:57.931034,synthetic
12727,Godavari Express,2026-08-26,4,WL,Warangal,300,2026-08-26 11:34:20.689655,9.0,2026-08-26 11:43:20.689655,synthetic
12727,Godavari Express,2026-08-26,5,SC,Secunderabad Jn,500,2026-08-26 15:04:14.482759,10.0,2026-08-26 15:14:14.482759,synthetic
12727,Godavari Express,2026-08-27,1,VSKP,Visakhapatnam Jn,0,2026-08-27 06:15:00.000000,0.0,2026-08-27 06:15:00.000000,synthetic
12727,Godavari Express,2026-08-27,2,RJY,Rajahmundry,80,2026-08-27 07:40:45.517241,2.0,2026-08-27 07:42:45.517241,synthetic
12727,Godavari Express,2026-08-27,3,KMT,Khammam,260,2026-08-27 10:49:57.931034,14.0,2026-08-27 11:03:57.931034,synthetic
12727,Godavari Express,2026-08-27,4,WL,Warangal,300,2026-08-27 11:34:20.689655,16.0,2026-08-27 11:50:20.689655,synthetic
12727,Godavari Express,2026-08-27,5,SC,Secunderabad Jn,500,2026-08-27 15:04:14.482759,19.0,2026-08-27 15:23:14.482759,synthetic
12727,Godavari Express,2026-08-28,1,VSKP,Visakhapatnam Jn,0,2026-08-28 06:15:00.000000,3.0,2026-08-28 06:18:00.000000,synthetic
12727,Godavari Express,2026-08-28,2,RJY,Rajahmundry,80,2026-08-28 07:40:45.517241,12.0,2026-08-28 07:52:45.517241,synthetic
12727,Godavari Express,2026-08-28,3,KMT,Khammam,260,2026-08-28 10:49:57.931034,14.0,2026-08-28 11:03:57.931034,synthetic
12727,Godavari Express,2026-08-28,4,WL,Warangal,300,2026-08-28 11:34:20.689655,6.0,2026-08-28 11:40:20.689655,synthetic
12727,Godavari Express,2026-08-28,5,SC,Secunderabad Jn,500,2026-08-28 15:04:14.482759,2.0,2026-08-28 15:06:14.482759,synthetic
12727,Godavari Express,2026-08-29,1,VSKP,Visakhapatnam Jn,0,2026-08-29 06:15:00.000000,5.0,2026-08-29 06:20:00.000000,synthetic
12727,Godavari Express,2026-08-29,2,RJY,Rajahmundry,80,2026-08-29 07:40:45.517241,16.0,2026-08-29 07:56:45.517241,synthetic
12727,Godavari Express,2026-08-29,3,KMT,Khammam,260,2026-08-29 10:49:57.931034,20.0,2026-08-29 11:09:57.931034,synthetic
12727,Godavari Express,2026-08-29,4,WL,Warangal,300,2026-08-29 11:34:20.689655,17.0,2026-08-29 11:51:20.689655,synthetic
12727,Godavari Express,2026-08-29,5,SC,Secunderabad Jn,500,2026-08-29 15:04:14.482759,17.0,2026-08-29 15:21:14.482759,synthetic
12727,Godavari Express,2026-08-30,1,VSKP,Visakhapatnam Jn,0,2026-08-30 06:15:00.000000,0.0,2026-08-30 06:15:00.000000,synthetic
12727,Godavari Express,2026-08-30,2,RJY,Rajahmundry,80,2026-08-30 07:40:45.517241,9.0,2026-08-30 07:49:45.517241,synthetic
12727,Godavari Express,2026-08-30,3,KMT,Khammam,260,2026-08-30 10:49:57.931034,160.0,2026-08-30 13:29:57.931034,synthetic
12727,Godavari Express,2026-08-30,4,WL,Warangal,300,2026-08-30 11:34:20.689655,133.0,2026-08-30 13:47:20.689655,synthetic
12727,Godavari Express,2026-08-30,5,SC,Secunderabad Jn,500,2026-08-30 15:04:14.482759,106.0,2026-08-30 16:50:14.482759,synthetic
12727,Godavari Express,2026-08-31,1,VSKP,Visakhapatnam Jn,0,2026-08-31 06:15:00.000000,1.0,2026-08-31 06:16:00.000000,synthetic
12727,Godavari Express,2026-08-31,2,RJY,Rajahmundry,80,2026-08-31 07:40:45.517241,9.0,2026-08-31 07:49:45.517241,synthetic
12727,Godavari Express,2026-08-31,3,KMT,Khammam,260,2026-08-31 10:49:57.931034,2.0,2026-08-31 10:51:57.931034,synthetic
12727,Godavari Express,2026-08-31,4,WL,Warangal,300,2026-08-31 11:34:20.689655,9.0,2026-08-31 11:43:20.689655,synthetic
12727,Godavari Express,2026-08-31,5,SC,Secunderabad Jn,500,2026-08-31 15:04:14.482759,13.0,2026-08-31 15:17:14.482759,synthetic
12727,Godavari Express,2026-09-01,1,VSKP,Visakhapatnam Jn,0,2026-09-01 06:15:00.000000,0.0,2026-09-01 06:15:00.000000,synthetic
12727,Godavari Express,2026-09-01,2,RJY,Rajahmundry,80,2026-09-01 07:40:45.517241,8.0,2026-09-01 07:48:45.517241,synthetic
12727,Godavari Express,2026-09-01,3,KMT,Khammam,260,2026-09-01 10:49:57.931034,15.0,2026-09-01 11:04:57.931034,synthetic
12727,Godavari Express,2026-09-01,4,WL,Warangal,300,2026-09-01 11:34:20.689655,11.0,2026-09-01 11:45:20.689655,synthetic
12727,Godavari Express,2026-09-01,5,SC,Secunderabad Jn,500,2026-09-01 15:04:14.482759,10.0,2026-09-01 15:14:14.482759,synthetic
12727,Godavari Express,2026-09-02,1,VSKP,Visakhapatnam Jn,0,2026-09-02 06:15:00.000000,2.0,2026-09-02 06:17:00.000000,synthetic
12727,Godavari Express,2026-09-02,2,RJY,Rajahmundry,80,2026-09-02 07:40:45.517241,7.0,2026-09-02 07:47:45.517241,synthetic
12727,Godavari Express,2026-09-02,3,KMT,Khammam,260,2026-09-02 10:49:57.931034,5.0,2026-09-02 10:54:57.931034,synthetic
12727,Godavari Express,2026-09-02,4,WL,Warangal,300,2026-09-02 11:34:20.689655,4.0,2026-09-02 11:38:20.689655,synthetic
12727,Godavari Express,2026-09-02,5,SC,Secunderabad Jn,500,2026-09-02 15:04:14.482759,4.0,2026-09-02 15:08:14.482759,synthetic
12727,Godavari Express,2026-09-03,1,VSKP,Visakhapatnam Jn,0,2026-09-03 06:15:00.000000,1.0,2026-09-03 06:16:00.000000,synthetic
12727,Godavari Express,2026-09-03,2,RJY,Rajahmundry,80,2026-09-03 07:40:45.517241,0.0,2026-09-03 07:40:45.517241,synthetic
12727,Godavari Express,2026-09-03,3,KMT,Khammam,260,2026-09-03 10:49:57.931034,0.0,2026-09-03 10:49:57.931034,synthetic
12727,Godavari Express,2026-09-03,4,WL,Warangal,300,2026-09-03 11:34:20.689655,1.0,2026-09-03 11:35:20.689655,synthetic
12727,Godavari Express,2026-09-03,5,SC,Secunderabad Jn,500,2026-09-03 15:04:14.482759,3.0,2026-09-03 15:07:14.482759,synthetic
12727,Godavari Express,2026-09-04,1,VSKP,Visakhapatnam Jn,0,2026-09-04 06:15:00.000000,3.0,2026-09-04 06:18:00.000000,synthetic
12727,Godavari Express,2026-09-04,2,RJY,Rajahmundry,80,2026-09-04 07:40:45.517241,3.0,2026-09-04 07:43:45.517241,synthetic
12727,Godavari Express,2026-09-04,3,KMT,Khammam,260,2026-09-04 10:49:57.931034,0.0,2026-09-04 10:49:57.931034,synthetic
12727,Godavari Express,2026-09-04,4,WL,Warangal,300,2026-09-04 11:34:20.689655,2.0,2026-09-04 11:36:20.689655,synthetic
12727,Godavari Express,2026-09-04,5,SC,Secunderabad Jn,500,2026-09-04 15:04:14.482759,10.0,2026-09-04 15:14:14.482759,synthetic
12841,Coromandel Express,2026-08-01,1,MAS,Chennai Central,0,2026-08-01 18:50:00.000000,6.0,2026-08-01 18:56:00.000000,synthetic
12841,Coromandel Express,2026-08-01,2,VSKP,Visakhapatnam Jn,780,2026-08-02 07:27:50.322581,17.0,2026-08-02 07:44:50.322581,synthetic
12841,Coromandel Express,2026-08-01,3,BBS,Bhubaneswar,1100,2026-08-02 12:40:30.967742,17.0,2026-08-02 12:57:30.967742,synthetic
12841,Coromandel Express,2026-08-01,4,KGP,Kharagpur Jn,1450,2026-08-02 18:22:13.548387,34.0,2026-08-02 18:56:13.548387,synthetic
12841,Coromandel Express,2026-08-01,5,HWH,Howrah Jn,1660,2026-08-02 21:48:27.096774,28.0,2026-08-02 22:16:27.096774,synthetic
12841,Coromandel Express,2026-08-02,1,MAS,Chennai Central,0,2026-08-02 18:50:00.000000,1.0,2026-08-02 18:51:00.000000,synthetic
12841,Coromandel Express,2026-08-02,2,VSKP,Visakhapatnam Jn,780,2026-08-03 07:27:50.322581,10.0,2026-08-03 07:37:50.322581,synthetic
12841,Coromandel Express,2026-08-02,3,BBS,Bhubaneswar,1100,2026-08-03 12:40:30.967742,11.0,2026-08-03 12:51:30.967742,synthetic
12841,Coromandel Express,2026-08-02,4,KGP,Kharagpur Jn,1450,2026-08-03 18:22:13.548387,17.0,2026-08-03 18:39:13.548387,synthetic
12841,Coromandel Express,2026-08-02,5,HWH,Howrah Jn,1660,2026-08-03 21:48:27.096774,9.0,2026-08-03 21:57:27.096774,synthetic
12841,Coromandel Express,2026-08-03,1,MAS,Chennai Central,0,2026-08-03 18:50:00.000000,0.0,2026-08-03 18:50:00.000000,synthetic
12841,Coromandel Express,2026-08-03,2,VSKP,Visakhapatnam Jn,780,2026-08-04 07:27:50.322581,5.0,2026-08-04 07:32:50.322581,synthetic
12841,Coromandel Express,2026-08-03,3,BBS,Bhubaneswar,1100,2026-08-04 12:40:30.967742,4.0,2026-08-04 12:44:30.967742,synthetic
12841,Coromandel Express,2026-08-03,4,KGP,Kharagpur Jn,1450,2026-08-04 18:22:13.548387,3.0,2026-08-04 18:25:13.548387,synthetic
12841,Coromandel Express,2026-08-03,5,HWH,Howrah Jn,1660,2026-08-04 21:48:27.096774,2.0,2026-08-04 21:50:27.096774,synthetic
12841,Coromandel Express,2026-08-04,1,MAS,Chennai Central,0,2026-08-04 18:50:00.000000,3.0,2026-08-04 18:53:00.000000,synthetic
12841,Coromandel Express,2026-08-04,2,VSKP,Visakhapatnam Jn,780,2026-08-05 07:27:50.322581,11.0,2026-08-05 07:38:50.322581,synthetic
12841,Coromandel Express,2026-08-04,3,BBS,Bhubaneswar,1100,2026-08-05 12:40:30.967742,0.0,2026-08-05 12:40:30.967742,synthetic
12841,Coromandel Express,2026-08-04,4,KGP,Kharagpur Jn,1450,2026-08-05 18:22:13.548387,5.0,2026-08-05 18:27:13.548387,synthetic
12841,Coromandel Express,2026-08-04,5,HWH,Howrah Jn,1660,2026-08-05 21:48:27.096774,5.0,2026-08-05 21:53:27.096774,synthetic
12841,Coromandel Express,2026-08-05,1,MAS,Chennai Central,0,2026-08-05 18:50:00.000000,2.0,2026-08-05 18:52:00.000000,synthetic
12841,Coromandel Express,2026-08-05,2,VSKP,Visakhapatnam Jn,780,2026-08-06 07:27:50.322581,0.0,2026-08-06 07:27:50.322581,synthetic
12841,Coromandel Express,2026-08-05,3,BBS,Bhubaneswar,1100,2026-08-06 12:40:30.967742,0.0,2026-08-06 12:40:30.967742,synthetic
12841,Coromandel Express,2026-08-05,4,KGP,Kharagpur Jn,1450,2026-08-06 18:22:13.548387,10.0,2026-08-06 18:32:13.548387,synthetic
12841,Coromandel Express,2026-08-05,5,HWH,Howrah Jn,1660,2026-08-06 21:48:27.096774,0.0,2026-08-06 21:48:27.096774,synthetic
12841,Coromandel Express,2026-08-06,1,MAS,Chennai Central,0,2026-08-06 18:50:00.000000,0.0,2026-08-06 18:50:00.000000,synthetic
12841,Coromandel Express,2026-08-06,2,VSKP,Visakhapatnam Jn,780,2026-08-07 07:27:50.322581,4.0,2026-08-07 07:31:50.322581,synthetic
12841,Coromandel Express,2026-08-06,3,BBS,Bhubaneswar,1100,2026-08-07 12:40:30.967742,5.0,2026-08-07 12:45:30.967742,synthetic
12841,Coromandel Express,2026-08-06,4,KGP,Kharagpur Jn,1450,2026-08-07 18:22:13.548387,5.0,2026-08-07 18:27:13.548387,synthetic
12841,Coromandel Express,2026-08-06,5,HWH,Howrah Jn,1660,2026-08-07 21:48:27.096774,5.0,2026-08-07 21:53:27.096774,synthetic
12841,Coromandel Express,2026-08-07,1,MAS,Chennai Central,0,2026-08-07 18:50:00.000000,3.0,2026-08-07 18:53:00.000000,synthetic
12841,Coromandel Express,2026-08-07,2,VSKP,Visakhapatnam Jn,780,2026-08-08 07:27:50.322581,11.0,2026-08-08 07:38:50.322581,synthetic
12841,Coromandel Express,2026-08-07,3,BBS,Bhubaneswar,1100,2026-08-08 12:40:30.967742,11.0,2026-08-08 12:51:30.967742,synthetic
12841,Coromandel Express,2026-08-07,4,KGP,Kharagpur Jn,1450,2026-08-08 18:22:13.548387,11.0,2026-08-08 18:33:13.548387,synthetic
12841,Coromandel Express,2026-08-07,5,HWH,Howrah Jn,1660,2026-08-08 21:48:27.096774,9.0,2026-08-08 21:57:27.096774,synthetic
12841,Coromandel Express,2026-08-08,1,MAS,Chennai Central,0,2026-08-08 18:50:00.000000,0.0,2026-08-08 18:50:00.000000,synthetic
12841,Coromandel Express,2026-08-08,2,VSKP,Visakhapatnam Jn,780,2026-08-09 07:27:50.322581,6.0,2026-08-09 07:33:50.322581,synthetic
12841,Coromandel Express,2026-08-08,3,BBS,Bhubaneswar,1100,2026-08-09 12:40:30.967742,12.0,2026-08-09 12:52:30.967742,synthetic
12841,Coromandel Express,2026-08-08,4,KGP,Kharagpur Jn,1450,2026-08-09 18:22:13.548387,22.0,2026-08-09 18:44:13.548387,synthetic
12841,Coromandel Express,2026-08-08,5,HWH,Howrah Jn,1660,2026-08-09 21:48:27.096774,22.0,2026-08-09 22:10:27.096774,synthetic
12841,Coromandel Express,2026-08-09,1,MAS,Chennai Central,0,2026-08-09 18:50:00.000000,1.0,2026-08-09 18:51:00.000000,synthetic
12841,Coromandel Express,2026-08-09,2,VSKP,Visakhapatnam Jn,780,2026-08-10 07:27:50.322581,6.0,2026-08-10 07:33:50.322581,synthetic
12841,Coromandel Express,2026-08-09,3,BBS,Bhubaneswar,1100,2026-08-10 12:40:30.967742,9.0,2026-08-10 12:49:30.967742,synthetic
12841,Coromandel Express,2026-08-09,4,KGP,Kharagpur Jn,1450,2026-08-10 18:22:13.548387,13.0,2026-08-10 18:35:13.548387,synthetic
12841,Coromandel Express,2026-08-09,5,HWH,Howrah Jn,1660,2026-08-10 21:48:27.096774,11.0,2026-08-10 21:59:27.096774,synthetic
12841,Coromandel Express,2026-08-10,1,MAS,Chennai Central,0,2026-08-10 18:50:00.000000,2.0,2026-08-10 18:52:00.000000,synthetic
12841,Coromandel Express,2026-08-10,2,VSKP,Visakhapatnam Jn,780,2026-08-11 07:27:50.322581,15.0,2026-08-11 07:42:50.322581,synthetic
12841,Coromandel Express,2026-08-10,3,BBS,Bhubaneswar,1100,2026-08-11 12:40:30.967742,16.0,2026-08-11 12:56:30.967742,synthetic
12841,Coromandel Express,2026-08-10,4,KGP,Kharagpur Jn,1450,2026-08-11 18:22:13.548387,14.0,2026-08-11 18:36:13.548387,synthetic
12841,Coromandel Express,2026-08-10,5,HWH,Howrah Jn,1660,2026-08-11 21:48:27.096774,18.0,2026-08-11 22:06:27.096774,synthetic
12841,Coromandel Express,2026-08-11,1,MAS,Chennai Central,0,2026-08-11 18:50:00.000000,2.0,2026-08-11 18:52:00.000000,synthetic
12841,Coromandel Express,2026-08-11,2,VSKP,Visakhapatnam Jn,780,2026-08-12 07:27:50.322581,12.0,2026-08-12 07:39:50.322581,synthetic
12841,Coromandel Express,2026-08-11,3,BBS,Bhubaneswar,1100,2026-08-12 12:40:30.967742,12.0,2026-08-12 12:52:30.967742,synthetic
12841,Coromandel Express,2026-08-11,4,KGP,Kharagpur Jn,1450,2026-08-12 18:22:13.548387,11.0,2026-08-12 18:33:13.548387,synthetic
12841,Coromandel Express,2026-08-11,5,HWH,Howrah Jn,1660,2026-08-12 21:48:27.096774,7.0,2026-08-12 21:55:27.096774,synthetic
12841,Coromandel Express,2026-08-12,1,MAS,Chennai Central,0,2026-08-12 18:50:00.000000,0.0,2026-08-12 18:50:00.000000,synthetic
12841,Coromandel Express,2026-08-12,2,VSKP,Visakhapatnam Jn,780,2026-08-13 07:27:50.322581,5.0,2026-08-13 07:32:50.322581,synthetic
12841,Coromandel Express,2026-08-12,3,BBS,Bhubaneswar,1100,2026-08-13 12:40:30.967742,5.0,2026-08-13 12:45:30.967742,synthetic
12841,Coromandel Express,2026-08-12,4,KGP,Kharagpur Jn,1450,2026-08-13 18:22:13.548387,12.0,2026-08-13 18:34:13.548387,synthetic
12841,Coromandel Express,2026-08-12,5,HWH,Howrah Jn,1660,2026-08-13 21:48:27.096774,12.0,2026-08-13 22:00:27.096774,synthetic
12841,Coromandel Express,2026-08-13,1,MAS,Chennai Central,0,2026-08-13 18:50:00.000000,5.0,2026-08-13 18:55:00.000000,synthetic
12841,Coromandel Express,2026-08-13,2,VSKP,Visakhapatnam Jn,780,2026-08-14 07:27:50.322581,5.0,2026-08-14 07:32:50.322581,synthetic
12841,Coromandel Express,2026-08-13,3,BBS,Bhubaneswar,1100,2026-08-14 12:40:30.967742,3.0,2026-08-14 12:43:30.967742,synthetic
12841,Coromandel Express,2026-08-13,4,KGP,Kharagpur Jn,1450,2026-08-14 18:22:13.548387,5.0,2026-08-14 18:27:13.548387,synthetic
12841,Coromandel Express,2026-08-13,5,HWH,Howrah Jn,1660,2026-08-14 21:48:27.096774,9.0,2026-08-14 21:57:27.096774,synthetic
12841,Coromandel Express,2026-08-14,1,MAS,Chennai Central,0,2026-08-14 18:50:00.000000,1.0,2026-08-14 18:51:00.000000,synthetic
12841,Coromandel Express,2026-08-14,2,VSKP,Visakhapatnam Jn,780,2026-08-15 07:27:50.322581,8.0,2026-08-15 07:35:50.322581,synthetic
12841,Coromandel Express,2026-08-14,3,BBS,Bhubaneswar,1100,2026-08-15 12:40:30.967742,2.0,2026-08-15 12:42:30.967742,synthetic
12841,Coromandel Express,2026-08-14,4,KGP,Kharagpur Jn,1450,2026-08-15 18:22:13.548387,11.0,2026-08-15 18:33:13.548387,synthetic
12841,Coromandel Express,2026-08-14,5,HWH,Howrah Jn,1660,2026-08-15 21:48:27.096774,6.0,2026-08-15 21:54:27.096774,synthetic
12841,Coromandel Express,2026-08-15,1,MAS,Chennai Central,0,2026-08-15 18:50:00.000000,3.0,2026-08-15 18:53:00.000000,synthetic
12841,Coromandel Express,2026-08-15,2,VSKP,Visakhapatnam Jn,780,2026-08-16 07:27:50.322581,10.0,2026-08-16 07:37:50.322581,synthetic
12841,Coromandel Express,2026-08-15,3,BBS,Bhubaneswar,1100,2026-08-16 12:40:30.967742,12.0,2026-08-16 12:52:30.967742,synthetic
12841,Coromandel Express,2026-08-15,4,KGP,Kharagpur Jn,1450,2026-08-16 18:22:13.548387,10.0,2026-08-16 18:32:13.548387,synthetic
12841,Coromandel Express,2026-08-15,5,HWH,Howrah Jn,1660,2026-08-16 21:48:27.096774,8.0,2026-08-16 21:56:27.096774,synthetic
12841,Coromandel Express,2026-08-16,1,MAS,Chennai Central,0,2026-08-16 18:50:00.000000,4.0,2026-08-16 18:54:00.000000,synthetic
12841,Coromandel Express,2026-08-16,2,VSKP,Visakhapatnam Jn,780,2026-08-17 07:27:50.322581,19.0,2026-08-17 07:46:50.322581,synthetic
12841,Coromandel Express,2026-08-16,3,BBS,Bhubaneswar,1100,2026-08-17 12:40:30.967742,17.0,2026-08-17 12:57:30.967742,synthetic
12841,Coromandel Express,2026-08-16,4,KGP,Kharagpur Jn,1450,2026-08-17 18:22:13.548387,23.0,2026-08-17 18:45:13.548387,synthetic
12841,Coromandel Express,2026-08-16,5,HWH,Howrah Jn,1660,2026-08-17 21:48:27.096774,22.0,2026-08-17 22:10:27.096774,synthetic
12841,Coromandel Express,2026-08-17,1,MAS,Chennai Central,0,2026-08-17 18:50:00.000000,2.0,2026-08-17 18:52:00.000000,synthetic
12841,Coromandel Express,2026-08-17,2,VSKP,Visakhapatnam Jn,780,2026-08-18 07:27:50.322581,7.0,2026-08-18 07:34:50.322581,synthetic
12841,Coromandel Express,2026-08-17,3,BBS,Bhubaneswar,1100,2026-08-18 12:40:30.967742,8.0,2026-08-18 12:48:30.967742,synthetic
12841,Coromandel Express,2026-08-17,4,KGP,Kharagpur Jn,1450,2026-08-18 18:22:13.548387,14.0,2026-08-18 18:36:13.548387,synthetic
12841,Coromandel Express,2026-08-17,5,HWH,Howrah Jn,1660,2026-08-18 21:48:27.096774,17.0,2026-08-18 22:05:27.096774,synthetic
12841,Coromandel Express,2026-08-18,1,MAS,Chennai Central,0,2026-08-18 18:50:00.000000,0.0,2026-08-18 18:50:00.000000,synthetic
12841,Coromandel Express,2026-08-18,2,VSKP,Visakhapatnam Jn,780,2026-08-19 07:27:50.322581,0.0,2026-08-19 07:27:50.322581,synthetic
12841,Coromandel Express,2026-08-18,3,BBS,Bhubaneswar,1100,2026-08-19 12:40:30.967742,0.0,2026-08-19 12:40:30.967742,synthetic
12841,Coromandel Express,2026-08-18,4,KGP,Kharagpur Jn,1450,2026-08-19 18:22:13.548387,5.0,2026-08-19 18:27:13.548387,synthetic
12841,Coromandel Express,2026-08-18,5,HWH,Howrah Jn,1660,2026-08-19 21:48:27.096774,5.0,2026-08-19 21:53:27.096774,synthetic
12841,Coromandel Express,2026-08-19,1,MAS,Chennai Central,0,2026-08-19 18:50:00.000000,3.0,2026-08-19 18:53:00.000000,synthetic
12841,Coromandel Express,2026-08-19,2,VSKP,Visakhapatnam Jn,780,2026-08-20 07:27:50.322581,11.0,2026-08-20 07:38:50.322581,synthetic
12841,Coromandel Express,2026-08-19,3,BBS,Bhubaneswar,1100,2026-08-20 12:40:30.967742,2.0,2026-08-20 12:42:30.967742,synthetic
12841,Coromandel Express,2026-08-19,4,KGP,Kharagpur Jn,1450,2026-08-20 18:22:13.548387,0.0,2026-08-20 18:22:13.548387,synthetic
12841,Coromandel Express,2026-08-19,5,HWH,Howrah Jn,1660,2026-08-20 21:48:27.096774,3.0,2026-08-20 21:51:27.096774,synthetic
12841,Coromandel Express,2026-08-20,1,MAS,Chennai Central,0,2026-08-20 18:50:00.000000,4.0,2026-08-20 18:54:00.000000,synthetic
12841,Coromandel Express,2026-08-20,2,VSKP,Visakhapatnam Jn,780,2026-08-21 07:27:50.322581,8.0,2026-08-21 07:35:50.322581,synthetic
12841,Coromandel Express,2026-08-20,3,BBS,Bhubaneswar,1100,2026-08-21 12:40:30.967742,6.0,2026-08-21 12:46:30.967742,synthetic
12841,Coromandel Express,2026-08-20,4,KGP,Kharagpur Jn,1450,2026-08-21 18:22:13.548387,13.0,2026-08-21 18:35:13.548387,synthetic
12841,Coromandel Express,2026-08-20,5,HWH,Howrah Jn,1660,2026-08-21 21:48:27.096774,16.0,2026-08-21 22:04:27.096774,synthetic
12841,Coromandel Express,2026-08-21,1,MAS,Chennai Central,0,2026-08-21 18:50:00.000000,0.0,2026-08-21 18:50:00.000000,synthetic
12841,Coromandel Express,2026-08-21,2,VSKP,Visakhapatnam Jn,780,2026-08-22 07:27:50.322581,8.0,2026-08-22 07:35:50.322581,synthetic
12841,Coromandel Express,2026-08-21,3,BBS,Bhubaneswar,1100,2026-08-22 12:40:30.967742,4.0,2026-08-22 12:44:30.967742,synthetic
12841,Coromandel Express,2026-08-21,4,KGP,Kharagpur Jn,1450,2026-08-22 18:22:13.548387,8.0,2026-08-22 18:30:13.548387,synthetic
12841,Coromandel Express,2026-08-21,5,HWH,Howrah Jn,1660,2026-08-22 21:48:27.096774,5.0,2026-08-22 21:53:27.096774,synthetic
12841,Coromandel Express,2026-08-22,1,MAS,Chennai Central,0,2026-08-22 18:50:00.000000,0.0,2026-08-22 18:50:00.000000,synthetic
12841,Coromandel Express,2026-08-22,2,VSKP,Visakhapatnam Jn,780,2026-08-23 07:27:50.322581,11.0,2026-08-23 07:38:50.322581,synthetic
12841,Coromandel Express,2026-08-22,3,BBS,Bhubaneswar,1100,2026-08-23 12:40:30.967742,7.0,2026-08-23 12:47:30.967742,synthetic
12841,Coromandel Express,2026-08-22,4,KGP,Kharagpur Jn,1450,2026-08-23 18:22:13.548387,13.0,2026-08-23 18:35:13.548387,synthetic
12841,Coromandel Express,2026-08-22,5,HWH,Howrah Jn,1660,2026-08-23 21:48:27.096774,13.0,2026-08-23 22:01:27.096774,synthetic
12841,Coromandel Express,2026-08-23,1,MAS,Chennai Central,0,2026-08-23 18:50:00.000000,2.0,2026-08-23 18:52:00.000000,synthetic
12841,Coromandel Express,2026-08-23,2,VSKP,Visakhapatnam Jn,780,2026-08-24 07:27:50.322581,8.0,2026-08-24 07:35:50.322581,synthetic
12841,Coromandel Express,2026-08-23,3,BBS,Bhubaneswar,1100,2026-08-24 12:40:30.967742,5.0,2026-08-24 12:45:30.967742,synthetic
12841,Coromandel Express,2026-08-23,4,KGP,Kharagpur Jn,1450,2026-08-24 18:22:13.548387,6.0,2026-08-24 18:28:13.548387,synthetic
12841,Coromandel Express,2026-08-23,5,HWH,Howrah Jn,1660,2026-08-24 21:48:27.096774,12.0,2026-08-24 22:00:27.096774,synthetic
12841,Coromandel Express,2026-08-24,1,MAS,Chennai Central,0,2026-08-24 18:50:00.000000,2.0,2026-08-24 18:52:00.000000,synthetic
12841,Coromandel Express,2026-08-24,2,VSKP,Visakhapatnam Jn,780,2026-08-25 07:27:50.322581,3.0,2026-08-25 07:30:50.322581,synthetic
12841,Coromandel Express,2026-08-24,3,BBS,Bhubaneswar,1100,2026-08-25 12:40:30.967742,1.0,2026-08-25 12:41:30.967742,synthetic
12841,Coromandel Express,2026-08-24,4,KGP,Kharagpur Jn,1450,2026-08-25 18:22:13.548387,17.0,2026-08-25 18:39:13.548387,synthetic
12841,Coromandel Express,2026-08-24,5,HWH,Howrah Jn,1660,2026-08-25 21:48:27.096774,15.0,2026-08-25 22:03:27.096774,synthetic
12841,Coromandel Express,2026-08-25,1,MAS,Chennai Central,0,2026-08-25 18:50:00.000000,2.0,2026-08-25 18:52:00.000000,synthetic
12841,Coromandel Express,2026-08-25,2,VSKP,Visakhapatnam Jn,780,2026-08-26 07:27:50.322581,9.0,2026-08-26 07:36:50.322581,synthetic
12841,Coromandel Express,2026-08-25,3,BBS,Bhubaneswar,1100,2026-08-26 12:40:30.967742,9.0,2026-08-26 12:49:30.967742,synthetic
12841,Coromandel Express,2026-08-25,4,KGP,Kharagpur Jn,1450,2026-08-26 18:22:13.548387,4.0,2026-08-26 18:26:13.548387,synthetic
12841,Coromandel Express,2026-08-25,5,HWH,Howrah Jn,1660,2026-08-26 21:48:27.096774,7.0,2026-08-26 21:55:27.096774,synthetic
12841,Coromandel Express,2026-08-26,1,MAS,Chennai Central,0,2026-08-26 18:50:00.000000,1.0,2026-08-26 18:51:00.000000,synthetic
12841,Coromandel Express,2026-08-26,2,VSKP,Visakhapatnam Jn,780,2026-08-27 07:27:50.322581,10.0,2026-08-27 07:37:50.322581,synthetic
12841,Coromandel Express,2026-08-26,3,BBS,Bhubaneswar,1100,2026-08-27 12:40:30.967742,9.0,2026-08-27 12:49:30.967742,synthetic
12841,Coromandel Express,2026-08-26,4,KGP,Kharagpur Jn,1450,2026-08-27 18:22:13.548387,20.0,2026-08-27 18:42:13.548387,synthetic
12841,Coromandel Express,2026-08-26,5,HWH,Howrah Jn,1660,2026-08-27 21:48:27.096774,24.0,2026-08-27 22:12:27.096774,synthetic
12841,Coromandel Express,2026-08-27,1,MAS,Chennai Central,0,2026-08-27 18:50:00.000000,4.0,2026-08-27 18:54:00.000000,synthetic
12841,Coromandel Express,2026-08-27,2,VSKP,Visakhapatnam Jn,780,2026-08-28 07:27:50.322581,12.0,2026-08-28 07:39:50.322581,synthetic
12841,Coromandel Express,2026-08-27,3,BBS,Bhubaneswar,1100,2026-08-28 12:40:30.967742,8.0,2026-08-28 12:48:30.967742,synthetic
12841,Coromandel Express,2026-08-27,4,KGP,Kharagpur Jn,1450,2026-08-28 18:22:13.548387,5.0,2026-08-28 18:27:13.548387,synthetic
12841,Coromandel Express,2026-08-27,5,HWH,Howrah Jn,1660,2026-08-28 21:48:27.096774,12.0,2026-08-28 22:00:27.096774,synthetic
12841,Coromandel Express,2026-08-28,1,MAS,Chennai Central,0,2026-08-28 18:50:00.000000,5.0,2026-08-28 18:55:00.000000,synthetic
12841,Coromandel Express,2026-08-28,2,VSKP,Visakhapatnam Jn,780,2026-08-29 07:27:50.322581,5.0,2026-08-29 07:32:50.322581,synthetic
12841,Coromandel Express,2026-08-28,3,BBS,Bhubaneswar,1100,2026-08-29 12:40:30.967742,6.0,2026-08-29 12:46:30.967742,synthetic
12841,Coromandel Express,2026-08-28,4,KGP,Kharagpur Jn,1450,2026-08-29 18:22:13.548387,14.0,2026-08-29 18:36:13.548387,synthetic
12841,Coromandel Express,2026-08-28,5,HWH,Howrah Jn,1660,2026-08-29 21:48:27.096774,13.0,2026-08-29 22:01:27.096774,synthetic
12841,Coromandel Express,2026-08-29,1,MAS,Chennai Central,0,2026-08-29 18:50:00.000000,3.0,2026-08-29 18:53:00.000000,synthetic
12841,Coromandel Express,2026-08-29,2,VSKP,Visakhapatnam Jn,780,2026-08-30 07:27:50.322581,125.0,2026-08-30 09:32:50.322581,synthetic
12841,Coromandel Express,2026-08-29,3,BBS,Bhubaneswar,1100,2026-08-30 12:40:30.967742,111.0,2026-08-30 14:31:30.967742,synthetic
12841,Coromandel Express,2026-08-29,4,KGP,Kharagpur Jn,1450,2026-08-30 18:22:13.548387,91.0,2026-08-30 19:53:13.548387,synthetic
12841,Coromandel Express,2026-08-29,5,HWH,Howrah Jn,1660,2026-08-30 21:48:27.096774,72.0,2026-08-30 23:00:27.096774,synthetic
12841,Coromandel Express,2026-08-30,1,MAS,Chennai Central,0,2026-08-30 18:50:00.000000,1.0,2026-08-30 18:51:00.000000,synthetic
12841,Coromandel Express,2026-08-30,2,VSKP,Visakhapatnam Jn,780,2026-08-31 07:27:50.322581,8.0,2026-08-31 07:35:50.322581,synthetic
12841,Coromandel Express,2026-08-30,3,BBS,Bhubaneswar,1100,2026-08-31 12:40:30.967742,8.0,2026-08-31 12:48:30.967742,synthetic
12841,Coromandel Express,2026-08-30,4,KGP,Kharagpur Jn,1450,2026-08-31 18:22:13.548387,12.0,2026-08-31 18:34:13.548387,synthetic
12841,Coromandel Express,2026-08-30,5,HWH,Howrah Jn,1660,2026-08-31 21:48:27.096774,15.0,2026-08-31 22:03:27.096774,synthetic
12841,Coromandel Express,2026-08-31,1,MAS,Chennai Central,0,2026-08-31 18:50:00.000000,0.0,2026-08-31 18:50:00.000000,synthetic
12841,Coromandel Express,2026-08-31,2,VSKP,Visakhapatnam Jn,780,2026-09-01 07:27:50.322581,7.0,2026-09-01 07:34:50.322581,synthetic
12841,Coromandel Express,2026-08-31,3,BBS,Bhubaneswar,1100,2026-09-01 12:40:30.967742,9.0,2026-09-01 12:49:30.967742,synthetic
12841,Coromandel Express,2026-08-31,4,KGP,Kharagpur Jn,1450,2026-09-01 18:22:13.548387,19.0,2026-09-01 18:41:13.548387,synthetic
12841,Coromandel Express,2026-08-31,5,HWH,Howrah Jn,1660,2026-09-01 21:48:27.096774,19.0,2026-09-01 22:07:27.096774,synthetic
12841,Coromandel Express,2026-09-01,1,MAS,Chennai Central,0,2026-09-01 18:50:00.000000,3.0,2026-09-01 18:53:00.000000,synthetic
12841,Coromandel Express,2026-09-01,2,VSKP,Visakhapatnam Jn,780,2026-09-02 07:27:50.322581,11.0,2026-09-02 07:38:50.322581,synthetic
12841,Coromandel Express,2026-09-01,3,BBS,Bhubaneswar,1100,2026-09-02 12:40:30.967742,13.0,2026-09-02 12:53:30.967742,synthetic
12841,Coromandel Express,2026-09-01,4,KGP,Kharagpur Jn,1450,2026-09-02 18:22:13.548387,4.0,2026-09-02 18:26:13.548387,synthetic
12841,Coromandel Express,2026-09-01,5,HWH,Howrah Jn,1660,2026-09-02 21:48:27.096774,0.0,2026-09-02 21:48:27.096774,synthetic
12841,Coromandel Express,2026-09-02,1,MAS,Chennai Central,0,2026-09-02 18:50:00.000000,1.0,2026-09-02 18:51:00.000000,synthetic
12841,Coromandel Express,2026-09-02,2,VSKP,Visakhapatnam Jn,780,2026-09-03 07:27:50.322581,1.0,2026-09-03 07:28:50.322581,synthetic
12841,Coromandel Express,2026-09-02,3,BBS,Bhubaneswar,1100,2026-09-03 12:40:30.967742,15.0,2026-09-03 12:55:30.967742,synthetic
12841,Coromandel Express,2026-09-02,4,KGP,Kharagpur Jn,1450,2026-09-03 18:22:13.548387,15.0,2026-09-03 18:37:13.548387,synthetic
12841,Coromandel Express,2026-09-02,5,HWH,Howrah Jn,1660,2026-09-03 21:48:27.096774,6.0,2026-09-03 21:54:27.096774,synthetic
12841,Coromandel Express,2026-09-03,1,MAS,Chennai Central,0,2026-09-03 18:50:00.000000,2.0,2026-09-03 18:52:00.000000,synthetic
12841,Coromandel Express,2026-09-03,2,VSKP,Visakhapatnam Jn,780,2026-09-04 07:27:50.322581,4.0,2026-09-04 07:31:50.322581,synthetic
12841,Coromandel Express,2026-09-03,3,BBS,Bhubaneswar,1100,2026-09-04 12:40:30.967742,2.0,2026-09-04 12:42:30.967742,synthetic
12841,Coromandel Express,2026-09-03,4,KGP,Kharagpur Jn,1450,2026-09-04 18:22:13.548387,9.0,2026-09-04 18:31:13.548387,synthetic
12841,Coromandel Express,2026-09-03,5,HWH,Howrah Jn,1660,2026-09-04 21:48:27.096774,5.0,2026-09-04 21:53:27.096774,synthetic
12841,Coromandel Express,2026-09-04,1,MAS,Chennai Central,0,2026-09-04 18:50:00.000000,0.0,2026-09-04 18:50:00.000000,synthetic
12841,Coromandel Express,2026-09-04,2,VSKP,Visakhapatnam Jn,780,2026-09-05 07:27:50.322581,3.0,2026-09-05 07:30:50.322581,synthetic
12841,Coromandel Express,2026-09-04,3,BBS,Bhubaneswar,1100,2026-09-05 12:40:30.967742,3.0,2026-09-05 12:43:30.967742,synthetic
12841,Coromandel Express,2026-09-04,4,KGP,Kharagpur Jn,1450,2026-09-05 18:22:13.548387,10.0,2026-09-05 18:32:13.548387,synthetic
12841,Coromandel Express,2026-09-04,5,HWH,Howrah Jn,1660,2026-09-05 21:48:27.096774,17.0,2026-09-05 22:05:27.096774,synthetic
20704,Vande Bharat Express,2026-08-01,1,SC,Secunderabad Jn,0,2026-08-01 05:45:00.000000,1.0,2026-08-01 05:46:00.000000,synthetic
20704,Vande Bharat Express,2026-08-01,2,KMT,Khammam,180,2026-08-01 07:48:00.000000,18.0,2026-08-01 08:06:00.000000,synthetic
20704,Vande Bharat Express,2026-08-01,3,RJY,Rajahmundry,350,2026-08-01 09:44:20.000000,79.0,2026-08-01 11:03:20.000000,synthetic
20704,Vande Bharat Express,2026-08-01,4,VSKP,Visakhapatnam Jn,500,2026-08-01 11:27:20.000000,60.0,2026-08-01 12:27:20.000000,synthetic
20704,Vande Bharat Express,2026-08-02,1,SC,Secunderabad Jn,0,2026-08-02 05:45:00.000000,1.0,2026-08-02 05:46:00.000000,synthetic
20704,Vande Bharat Express,2026-08-02,2,KMT,Khammam,180,2026-08-02 07:48:00.000000,5.0,2026-08-02 07:53:00.000000,synthetic
20704,Vande Bharat Express,2026-08-02,3,RJY,Rajahmundry,350,2026-08-02 09:44:20.000000,5.0,2026-08-02 09:49:20.000000,synthetic
20704,Vande Bharat Express,2026-08-02,4,VSKP,Visakhapatnam Jn,500,2026-08-02 11:27:20.000000,6.0,2026-08-02 11:33:20.000000,synthetic
20704,Vande Bharat Express,2026-08-03,1,SC,Secunderabad Jn,0,2026-08-03 05:45:00.000000,3.0,2026-08-03 05:48:00.000000,synthetic
20704,Vande Bharat Express,2026-08-03,2,KMT,Khammam,180,2026-08-03 07:48:00.000000,6.0,2026-08-03 07:54:00.000000,synthetic
20704,Vande Bharat Express,2026-08-03,3,RJY,Rajahmundry,350,2026-08-03 09:44:20.000000,2.0,2026-08-03 09:46:20.000000,synthetic
20704,Vande Bharat Express,2026-08-03,4,VSKP,Visakhapatnam Jn,500,2026-08-03 11:27:20.000000,0.0,2026-08-03 11:27:20.000000,synthetic
20704,Vande Bharat Express,2026-08-04,1,SC,Secunderabad Jn,0,2026-08-04 05:45:00.000000,0.0,2026-08-04 05:45:00.000000,synthetic
20704,Vande Bharat Express,2026-08-04,2,KMT,Khammam,180,2026-08-04 07:48:00.000000,11.0,2026-08-04 07:59:00.000000,synthetic
20704,Vande Bharat Express,2026-08-04,3,RJY,Rajahmundry,350,2026-08-04 09:44:20.000000,21.0,2026-08-04 10:05:20.000000,synthetic
20704,Vande Bharat Express,2026-08-04,4,VSKP,Visakhapatnam Jn,500,2026-08-04 11:27:20.000000,20.0,2026-08-04 11:47:20.000000,synthetic
20704,Vande Bharat Express,2026-08-05,1,SC,Secunderabad Jn,0,2026-08-05 05:45:00.000000,3.0,2026-08-05 05:48:00.000000,synthetic
20704,Vande Bharat Express,2026-08-05,2,KMT,Khammam,180,2026-08-05 07:48:00.000000,7.0,2026-08-05 07:55:00.000000,synthetic
20704,Vande Bharat Express,2026-08-05,3,RJY,Rajahmundry,350,2026-08-05 09:44:20.000000,12.0,2026-08-05 09:56:20.000000,synthetic
20704,Vande Bharat Express,2026-08-05,4,VSKP,Visakhapatnam Jn,500,2026-08-05 11:27:20.000000,5.0,2026-08-05 11:32:20.000000,synthetic
20704,Vande Bharat Express,2026-08-06,1,SC,Secunderabad Jn,0,2026-08-06 05:45:00.000000,2.0,2026-08-06 05:47:00.000000,synthetic
20704,Vande Bharat Express,2026-08-06,2,KMT,Khammam,180,2026-08-06 07:48:00.000000,4.0,2026-08-06 07:52:00.000000,synthetic
20704,Vande Bharat Express,2026-08-06,3,RJY,Rajahmundry,350,2026-08-06 09:44:20.000000,12.0,2026-08-06 09:56:20.000000,synthetic
20704,Vande Bharat Express,2026-08-06,4,VSKP,Visakhapatnam Jn,500,2026-08-06 11:27:20.000000,19.0,2026-08-06 11:46:20.000000,synthetic
20704,Vande Bharat Express,2026-08-07,1,SC,Secunderabad Jn,0,2026-08-07 05:45:00.000000,0.0,2026-08-07 05:45:00.000000,synthetic
20704,Vande Bharat Express,2026-08-07,2,KMT,Khammam,180,2026-08-07 07:48:00.000000,5.0,2026-08-07 07:53:00.000000,synthetic
20704,Vande Bharat Express,2026-08-07,3,RJY,Rajahmundry,350,2026-08-07 09:44:20.000000,9.0,2026-08-07 09:53:20.000000,synthetic
20704,Vande Bharat Express,2026-08-07,4,VSKP,Visakhapatnam Jn,500,2026-08-07 11:27:20.000000,1.0,2026-08-07 11:28:20.000000,synthetic
20704,Vande Bharat Express,2026-08-08,1,SC,Secunderabad Jn,0,2026-08-08 05:45:00.000000,0.0,2026-08-08 05:45:00.000000,synthetic
20704,Vande Bharat Express,2026-08-08,2,KMT,Khammam,180,2026-08-08 07:48:00.000000,10.0,2026-08-08 07:58:00.000000,synthetic
20704,Vande Bharat Express,2026-08-08,3,RJY,Rajahmundry,350,2026-08-08 09:44:20.000000,13.0,2026-08-08 09:57:20.000000,synthetic
20704,Vande Bharat Express,2026-08-08,4,VSKP,Visakhapatnam Jn,500,2026-08-08 11:27:20.000000,11.0,2026-08-08 11:38:20.000000,synthetic
20704,Vande Bharat Express,2026-08-09,1,SC,Secunderabad Jn,0,2026-08-09 05:45:00.000000,2.0,2026-08-09 05:47:00.000000,synthetic
20704,Vande Bharat Express,2026-08-09,2,KMT,Khammam,180,2026-08-09 07:48:00.000000,7.0,2026-08-09 07:55:00.000000,synthetic
20704,Vande Bharat Express,2026-08-09,3,RJY,Rajahmundry,350,2026-08-09 09:44:20.000000,13.0,2026-08-09 09:57:20.000000,synthetic
20704,Vande Bharat Express,2026-08-09,4,VSKP,Visakhapatnam Jn,500,2026-08-09 11:27:20.000000,10.0,2026-08-09 11:37:20.000000,synthetic
20704,Vande Bharat Express,2026-08-10,1,SC,Secunderabad Jn,0,2026-08-10 05:45:00.000000,2.0,2026-08-10 05:47:00.000000,synthetic
20704,Vande Bharat Express,2026-08-10,2,KMT,Khammam,180,2026-08-10 07:48:00.000000,11.0,2026-08-10 07:59:00.000000,synthetic
20704,Vande Bharat Express,2026-08-10,3,RJY,Rajahmundry,350,2026-08-10 09:44:20.000000,20.0,2026-08-10 10:04:20.000000,synthetic
20704,Vande Bharat Express,2026-08-10,4,VSKP,Visakhapatnam Jn,500,2026-08-10 11:27:20.000000,23.0,2026-08-10 11:50:20.000000,synthetic
20704,Vande Bharat Express,2026-08-11,1,SC,Secunderabad Jn,0,2026-08-11 05:45:00.000000,3.0,2026-08-11 05:48:00.000000,synthetic
20704,Vande Bharat Express,2026-08-11,2,KMT,Khammam,180,2026-08-11 07:48:00.000000,7.0,2026-08-11 07:55:00.000000,synthetic
20704,Vande Bharat Express,2026-08-11,3,RJY,Rajahmundry,350,2026-08-11 09:44:20.000000,18.0,2026-08-11 10:02:20.000000,synthetic
20704,Vande Bharat Express,2026-08-11,4,VSKP,Visakhapatnam Jn,500,2026-08-11 11:27:20.000000,17.0,2026-08-11 11:44:20.000000,synthetic
20704,Vande Bharat Express,2026-08-12,1,SC,Secunderabad Jn,0,2026-08-12 05:45:00.000000,0.0,2026-08-12 05:45:00.000000,synthetic
20704,Vande Bharat Express,2026-08-12,2,KMT,Khammam,180,2026-08-12 07:48:00.000000,9.0,2026-08-12 07:57:00.000000,synthetic
20704,Vande Bharat Express,2026-08-12,3,RJY,Rajahmundry,350,2026-08-12 09:44:20.000000,11.0,2026-08-12 09:55:20.000000,synthetic
20704,Vande Bharat Express,2026-08-12,4,VSKP,Visakhapatnam Jn,500,2026-08-12 11:27:20.000000,13.0,2026-08-12 11:40:20.000000,synthetic
20704,Vande Bharat Express,2026-08-13,1,SC,Secunderabad Jn,0,2026-08-13 05:45:00.000000,4.0,2026-08-13 05:49:00.000000,synthetic
20704,Vande Bharat Express,2026-08-13,2,KMT,Khammam,180,2026-08-13 07:48:00.000000,6.0,2026-08-13 07:54:00.000000,synthetic
20704,Vande Bharat Express,2026-08-13,3,RJY,Rajahmundry,350,2026-08-13 09:44:20.000000,2.0,2026-08-13 09:46:20.000000,synthetic
20704,Vande Bharat Express,2026-08-13,4,VSKP,Visakhapatnam Jn,500,2026-08-13 11:27:20.000000,4.0,2026-08-13 11:31:20.000000,synthetic
20704,Vande Bharat Express,2026-08-14,1,SC,Secunderabad Jn,0,2026-08-14 05:45:00.000000,1.0,2026-08-14 05:46:00.000000,synthetic
20704,Vande Bharat Express,2026-08-14,2,KMT,Khammam,180,2026-08-14 07:48:00.000000,3.0,2026-08-14 07:51:00.000000,synthetic
20704,Vande Bharat Express,2026-08-14,3,RJY,Rajahmundry,350,2026-08-14 09:44:20.000000,1.0,2026-08-14 09:45:20.000000,synthetic
20704,Vande Bharat Express,2026-08-14,4,VSKP,Visakhapatnam Jn,500,2026-08-14 11:27:20.000000,5.0,2026-08-14 11:32:20.000000,synthetic
20704,Vande Bharat Express,2026-08-15,1,SC,Secunderabad Jn,0,2026-08-15 05:45:00.000000,0.0,2026-08-15 05:45:00.000000,synthetic
20704,Vande Bharat Express,2026-08-15,2,KMT,Khammam,180,2026-08-15 07:48:00.000000,5.0,2026-08-15 07:53:00.000000,synthetic
20704,Vande Bharat Express,2026-08-15,3,RJY,Rajahmundry,350,2026-08-15 09:44:20.000000,6.0,2026-08-15 09:50:20.000000,synthetic
20704,Vande Bharat Express,2026-08-15,4,VSKP,Visakhapatnam Jn,500,2026-08-15 11:27:20.000000,9.0,2026-08-15 11:36:20.000000,synthetic
20704,Vande Bharat Express,2026-08-16,1,SC,Secunderabad Jn,0,2026-08-16 05:45:00.000000,3.0,2026-08-16 05:48:00.000000,synthetic
20704,Vande Bharat Express,2026-08-16,2,KMT,Khammam,180,2026-08-16 07:48:00.000000,15.0,2026-08-16 08:03:00.000000,synthetic
20704,Vande Bharat Express,2026-08-16,3,RJY,Rajahmundry,350,2026-08-16 09:44:20.000000,16.0,2026-08-16 10:00:20.000000,synthetic
20704,Vande Bharat Express,2026-08-16,4,VSKP,Visakhapatnam Jn,500,2026-08-16 11:27:20.000000,18.0,2026-08-16 11:45:20.000000,synthetic
20704,Vande Bharat Express,2026-08-17,1,SC,Secunderabad Jn,0,2026-08-17 05:45:00.000000,1.0,2026-08-17 05:46:00.000000,synthetic
20704,Vande Bharat Express,2026-08-17,2,KMT,Khammam,180,2026-08-17 07:48:00.000000,1.0,2026-08-17 07:49:00.000000,synthetic
20704,Vande Bharat Express,2026-08-17,3,RJY,Rajahmundry,350,2026-08-17 09:44:20.000000,11.0,2026-08-17 09:55:20.000000,synthetic
20704,Vande Bharat Express,2026-08-17,4,VSKP,Visakhapatnam Jn,500,2026-08-17 11:27:20.000000,4.0,2026-08-17 11:31:20.000000,synthetic
20704,Vande Bharat Express,2026-08-18,1,SC,Secunderabad Jn,0,2026-08-18 05:45:00.000000,3.0,2026-08-18 05:48:00.000000,synthetic
20704,Vande Bharat Express,2026-08-18,2,KMT,Khammam,180,2026-08-18 07:48:00.000000,5.0,2026-08-18 07:53:00.000000,synthetic
20704,Vande Bharat Express,2026-08-18,3,RJY,Rajahmundry,350,2026-08-18 09:44:20.000000,12.0,2026-08-18 09:56:20.000000,synthetic
20704,Vande Bharat Express,2026-08-18,4,VSKP,Visakhapatnam Jn,500,2026-08-18 11:27:20.000000,19.0,2026-08-18 11:46:20.000000,synthetic
20704,Vande Bharat Express,2026-08-19,1,SC,Secunderabad Jn,0,2026-08-19 05:45:00.000000,3.0,2026-08-19 05:48:00.000000,synthetic
20704,Vande Bharat Express,2026-08-19,2,KMT,Khammam,180,2026-08-19 07:48:00.000000,6.0,2026-08-19 07:54:00.000000,synthetic
20704,Vande Bharat Express,2026-08-19,3,RJY,Rajahmundry,350,2026-08-19 09:44:20.000000,13.0,2026-08-19 09:57:20.000000,synthetic
20704,Vande Bharat Express,2026-08-19,4,VSKP,Visakhapatnam Jn,500,2026-08-19 11:27:20.000000,9.0,2026-08-19 11:36:20.000000,synthetic
20704,Vande Bharat Express,2026-08-20,1,SC,Secunderabad Jn,0,2026-08-20 05:45:00.000000,7.0,2026-08-20 05:52:00.000000,synthetic
20704,Vande Bharat Express,2026-08-20,2,KMT,Khammam,180,2026-08-20 07:48:00.000000,60.0,2026-08-20 08:48:00.000000,synthetic
20704,Vande Bharat Express,2026-08-20,3,RJY,Rajahmundry,350,2026-08-20 09:44:20.000000,54.0,2026-08-20 10:38:20.000000,synthetic
20704,Vande Bharat Express,2026-08-20,4,VSKP,Visakhapatnam Jn,500,2026-08-20 11:27:20.000000,50.0,2026-08-20 12:17:20.000000,synthetic
20704,Vande Bharat Express,2026-08-21,1,SC,Secunderabad Jn,0,2026-08-21 05:45:00.000000,3.0,2026-08-21 05:48:00.000000,synthetic
20704,Vande Bharat Express,2026-08-21,2,KMT,Khammam,180,2026-08-21 07:48:00.000000,5.0,2026-08-21 07:53:00.000000,synthetic
20704,Vande Bharat Express,2026-08-21,3,RJY,Rajahmundry,350,2026-08-21 09:44:20.000000,8.0,2026-08-21 09:52:20.000000,synthetic
20704,Vande Bharat Express,2026-08-21,4,VSKP,Visakhapatnam Jn,500,2026-08-21 11:27:20.000000,9.0,2026-08-21 11:36:20.000000,synthetic
20704,Vande Bharat Express,2026-08-22,1,SC,Secunderabad Jn,0,2026-08-22 05:45:00.000000,4.0,2026-08-22 05:49:00.000000,synthetic
20704,Vande Bharat Express,2026-08-22,2,KMT,Khammam,180,2026-08-22 07:48:00.000000,8.0,2026-08-22 07:56:00.000000,synthetic
20704,Vande Bharat Express,2026-08-22,3,RJY,Rajahmundry,350,2026-08-22 09:44:20.000000,20.0,2026-08-22 10:04:20.000000,synthetic
20704,Vande Bharat Express,2026-08-22,4,VSKP,Visakhapatnam Jn,500,2026-08-22 11:27:20.000000,19.0,2026-08-22 11:46:20.000000,synthetic
20704,Vande Bharat Express,2026-08-23,1,SC,Secunderabad Jn,0,2026-08-23 05:45:00.000000,4.0,2026-08-23 05:49:00.000000,synthetic
20704,Vande Bharat Express,2026-08-23,2,KMT,Khammam,180,2026-08-23 07:48:00.000000,2.0,2026-08-23 07:50:00.000000,synthetic
20704,Vande Bharat Express,2026-08-23,3,RJY,Rajahmundry,350,2026-08-23 09:44:20.000000,10.0,2026-08-23 09:54:20.000000,synthetic
20704,Vande Bharat Express,2026-08-23,4,VSKP,Visakhapatnam Jn,500,2026-08-23 11:27:20.000000,11.0,2026-08-23 11:38:20.000000,synthetic
20704,Vande Bharat Express,2026-08-24,1,SC,Secunderabad Jn,0,2026-08-24 05:45:00.000000,5.0,2026-08-24 05:50:00.000000,synthetic
20704,Vande Bharat Express,2026-08-24,2,KMT,Khammam,180,2026-08-24 07:48:00.000000,0.0,2026-08-24 07:48:00.000000,synthetic
20704,Vande Bharat Express,2026-08-24,3,RJY,Rajahmundry,350,2026-08-24 09:44:20.000000,1.0,2026-08-24 09:45:20.000000,synthetic
20704,Vande Bharat Express,2026-08-24,4,VSKP,Visakhapatnam Jn,500,2026-08-24 11:27:20.000000,5.0,2026-08-24 11:32:20.000000,synthetic
20704,Vande Bharat Express,2026-08-25,1,SC,Secunderabad Jn,0,2026-08-25 05:45:00.000000,0.0,2026-08-25 05:45:00.000000,synthetic
20704,Vande Bharat Express,2026-08-25,2,KMT,Khammam,180,2026-08-25 07:48:00.000000,0.0,2026-08-25 07:48:00.000000,synthetic
20704,Vande Bharat Express,2026-08-25,3,RJY,Rajahmundry,350,2026-08-25 09:44:20.000000,10.0,2026-08-25 09:54:20.000000,synthetic
20704,Vande Bharat Express,2026-08-25,4,VSKP,Visakhapatnam Jn,500,2026-08-25 11:27:20.000000,9.0,2026-08-25 11:36:20.000000,synthetic
20704,Vande Bharat Express,2026-08-26,1,SC,Secunderabad Jn,0,2026-08-26 05:45:00.000000,6.0,2026-08-26 05:51:00.000000,synthetic
20704,Vande Bharat Express,2026-08-26,2,KMT,Khammam,180,2026-08-26 07:48:00.000000,11.0,2026-08-26 07:59:00.000000,synthetic
20704,Vande Bharat Express,2026-08-26,3,RJY,Rajahmundry,350,2026-08-26 09:44:20.000000,11.0,2026-08-26 09:55:20.000000,synthetic
20704,Vande Bharat Express,2026-08-26,4,VSKP,Visakhapatnam Jn,500,2026-08-26 11:27:20.000000,9.0,2026-08-26 11:36:20.000000,synthetic
20704,Vande Bharat Express,2026-08-27,1,SC,Secunderabad Jn,0,2026-08-27 05:45:00.000000,1.0,2026-08-27 05:46:00.000000,synthetic
20704,Vande Bharat Express,2026-08-27,2,KMT,Khammam,180,2026-08-27 07:48:00.000000,10.0,2026-08-27 07:58:00.000000,synthetic
20704,Vande Bharat Express,2026-08-27,3,RJY,Rajahmundry,350,2026-08-27 09:44:20.000000,16.0,2026-08-27 10:00:20.000000,synthetic
20704,Vande Bharat Express,2026-08-27,4,VSKP,Visakhapatnam Jn,500,2026-08-27 11:27:20.000000,16.0,2026-08-27 11:43:20.000000,synthetic
20704,Vande Bharat Express,2026-08-28,1,SC,Secunderabad Jn,0,2026-08-28 05:45:00.000000,6.0,2026-08-28 05:51:00.000000,synthetic
20704,Vande Bharat Express,2026-08-28,2,KMT,Khammam,180,2026-08-28 07:48:00.000000,18.0,2026-08-28 08:06:00.000000,synthetic
20704,Vande Bharat Express,2026-08-28,3,RJY,Rajahmundry,350,2026-08-28 09:44:20.000000,21.0,2026-08-28 10:05:20.000000,synthetic
20704,Vande Bharat Express,2026-08-28,4,VSKP,Visakhapatnam Jn,500,2026-08-28 11:27:20.000000,24.0,2026-08-28 11:51:20.000000,synthetic
20704,Vande Bharat Express,2026-08-29,1,SC,Secunderabad Jn,0,2026-08-29 05:45:00.000000,2.0,2026-08-29 05:47:00.000000,synthetic
20704,Vande Bharat Express,2026-08-29,2,KMT,Khammam,180,2026-08-29 07:48:00.000000,7.0,2026-08-29 07:55:00.000000,synthetic
20704,Vande Bharat Express,2026-08-29,3,RJY,Rajahmundry,350,2026-08-29 09:44:20.000000,17.0,2026-08-29 10:01:20.000000,synthetic
20704,Vande Bharat Express,2026-08-29,4,VSKP,Visakhapatnam Jn,500,2026-08-29 11:27:20.000000,13.0,2026-08-29 11:40:20.000000,synthetic
20704,Vande Bharat Express,2026-08-30,1,SC,Secunderabad Jn,0,2026-08-30 05:45:00.000000,4.0,2026-08-30 05:49:00.000000,synthetic
20704,Vande Bharat Express,2026-08-30,2,KMT,Khammam,180,2026-08-30 07:48:00.000000,11.0,2026-08-30 07:59:00.000000,synthetic
20704,Vande Bharat Express,2026-08-30,3,RJY,Rajahmundry,350,2026-08-30 09:44:20.000000,9.0,2026-08-30 09:53:20.000000,synthetic
20704,Vande Bharat Express,2026-08-30,4,VSKP,Visakhapatnam Jn,500,2026-08-30 11:27:20.000000,3.0,2026-08-30 11:30:20.000000,synthetic
20704,Vande Bharat Express,2026-08-31,1,SC,Secunderabad Jn,0,2026-08-31 05:45:00.000000,2.0,2026-08-31 05:47:00.000000,synthetic
20704,Vande Bharat Express,2026-08-31,2,KMT,Khammam,180,2026-08-31 07:48:00.000000,0.0,2026-08-31 07:48:00.000000,synthetic
20704,Vande Bharat Express,2026-08-31,3,RJY,Rajahmundry,350,2026-08-31 09:44:20.000000,9.0,2026-08-31 09:53:20.000000,synthetic
20704,Vande Bharat Express,2026-08-31,4,VSKP,Visakhapatnam Jn,500,2026-08-31 11:27:20.000000,8.0,2026-08-31 11:35:20.000000,synthetic
20704,Vande Bharat Express,2026-09-01,1,SC,Secunderabad Jn,0,2026-09-01 05:45:00.000000,5.0,2026-09-01 05:50:00.000000,synthetic
20704,Vande Bharat Express,2026-09-01,2,KMT,Khammam,180,2026-09-01 07:48:00.000000,15.0,2026-09-01 08:03:00.000000,synthetic
20704,Vande Bharat Express,2026-09-01,3,RJY,Rajahmundry,350,2026-09-01 09:44:20.000000,23.0,2026-09-01 10:07:20.000000,synthetic
20704,Vande Bharat Express,2026-09-01,4,VSKP,Visakhapatnam Jn,500,2026-09-01 11:27:20.000000,17.0,2026-09-01 11:44:20.000000,synthetic
20704,Vande Bharat Express,2026-09-02,1,SC,Secunderabad Jn,0,2026-09-02 05:45:00.000000,3.0,2026-09-02 05:48:00.000000,synthetic
20704,Vande Bharat Express,2026-09-02,2,KMT,Khammam,180,2026-09-02 07:48:00.000000,9.0,2026-09-02 07:57:00.000000,synthetic
20704,Vande Bharat Express,2026-09-02,3,RJY,Rajahmundry,350,2026-09-02 09:44:20.000000,17.0,2026-09-02 10:01:20.000000,synthetic
20704,Vande Bharat Express,2026-09-02,4,VSKP,Visakhapatnam Jn,500,2026-09-02 11:27:20.000000,18.0,2026-09-02 11:45:20.000000,synthetic
20704,Vande Bharat Express,2026-09-03,1,SC,Secunderabad Jn,0,2026-09-03 05:45:00.000000,3.0,2026-09-03 05:48:00.000000,synthetic
20704,Vande Bharat Express,2026-09-03,2,KMT,Khammam,180,2026-09-03 07:48:00.000000,3.0,2026-09-03 07:51:00.000000,synthetic
20704,Vande Bharat Express,2026-09-03,3,RJY,Rajahmundry,350,2026-09-03 09:44:20.000000,12.0,2026-09-03 09:56:20.000000,synthetic
20704,Vande Bharat Express,2026-09-03,4,VSKP,Visakhapatnam Jn,500,2026-09-03 11:27:20.000000,10.0,2026-09-03 11:37:20.000000,synthetic
20704,Vande Bharat Express,2026-09-04,1,SC,Secunderabad Jn,0,2026-09-04 05:45:00.000000,0.0,2026-09-04 05:45:00.000000,synthetic
20704,Vande Bharat Express,2026-09-04,2,KMT,Khammam,180,2026-09-04 07:48:00.000000,0.0,2026-09-04 07:48:00.000000,synthetic
20704,Vande Bharat Express,2026-09-04,3,RJY,Rajahmundry,350,2026-09-04 09:44:20.000000,10.0,2026-09-04 09:54:20.000000,synthetic
20704,Vande Bharat Express,2026-09-04,4,VSKP,Visakhapatnam Jn,500,2026-09-04 11:27:20.000000,0.0,2026-09-04 11:27:20.000000,synthetic
22691,Rajdhani Express,2026-08-01,1,BNC,Bengaluru Cant,0,2026-08-01 20:30:00.000000,2.0,2026-08-01 20:32:00.000000,synthetic
22691,Rajdhani Express,2026-08-01,2,GTL,Guntakal Jn,300,2026-08-02 01:09:55.384615,0.0,2026-08-02 01:09:55.384615,synthetic
22691,Rajdhani Express,2026-08-01,3,BPL,Bhopal Jn,1780,2026-08-02 23:59:04.615385,9.0,2026-08-03 00:08:04.615385,synthetic
22691,Rajdhani Express,2026-08-01,4,NDLS,New Delhi,2365,2026-08-03 09:02:04.615385,15.0,2026-08-03 09:17:04.615385,synthetic
22691,Rajdhani Express,2026-08-02,1,BNC,Bengaluru Cant,0,2026-08-02 20:30:00.000000,3.0,2026-08-02 20:33:00.000000,synthetic
22691,Rajdhani Express,2026-08-02,2,GTL,Guntakal Jn,300,2026-08-03 01:09:55.384615,2.0,2026-08-03 01:11:55.384615,synthetic
22691,Rajdhani Express,2026-08-02,3,BPL,Bhopal Jn,1780,2026-08-03 23:59:04.615385,0.0,2026-08-03 23:59:04.615385,synthetic
22691,Rajdhani Express,2026-08-02,4,NDLS,New Delhi,2365,2026-08-04 09:02:04.615385,5.0,2026-08-04 09:07:04.615385,synthetic
22691,Rajdhani Express,2026-08-03,1,BNC,Bengaluru Cant,0,2026-08-03 20:30:00.000000,2.0,2026-08-03 20:32:00.000000,synthetic
22691,Rajdhani Express,2026-08-03,2,GTL,Guntakal Jn,300,2026-08-04 01:09:55.384615,0.0,2026-08-04 01:09:55.384615,synthetic
22691,Rajdhani Express,2026-08-03,3,BPL,Bhopal Jn,1780,2026-08-04 23:59:04.615385,0.0,2026-08-04 23:59:04.615385,synthetic
22691,Rajdhani Express,2026-08-03,4,NDLS,New Delhi,2365,2026-08-05 09:02:04.615385,2.0,2026-08-05 09:04:04.615385,synthetic
22691,Rajdhani Express,2026-08-04,1,BNC,Bengaluru Cant,0,2026-08-04 20:30:00.000000,0.0,2026-08-04 20:30:00.000000,synthetic
22691,Rajdhani Express,2026-08-04,2,GTL,Guntakal Jn,300,2026-08-05 01:09:55.384615,1.0,2026-08-05 01:10:55.384615,synthetic
22691,Rajdhani Express,2026-08-04,3,BPL,Bhopal Jn,1780,2026-08-05 23:59:04.615385,3.0,2026-08-06 00:02:04.615385,synthetic
22691,Rajdhani Express,2026-08-04,4,NDLS,New Delhi,2365,2026-08-06 09:02:04.615385,6.0,2026-08-06 09:08:04.615385,synthetic
22691,Rajdhani Express,2026-08-05,1,BNC,Bengaluru Cant,0,2026-08-05 20:30:00.000000,2.0,2026-08-05 20:32:00.000000,synthetic
22691,Rajdhani Express,2026-08-05,2,GTL,Guntakal Jn,300,2026-08-06 01:09:55.384615,4.0,2026-08-06 01:13:55.384615,synthetic
22691,Rajdhani Express,2026-08-05,3,BPL,Bhopal Jn,1780,2026-08-06 23:59:04.615385,8.0,2026-08-07 00:07:04.615385,synthetic
22691,Rajdhani Express,2026-08-05,4,NDLS,New Delhi,2365,2026-08-07 09:02:04.615385,1.0,2026-08-07 09:03:04.615385,synthetic
22691,Rajdhani Express,2026-08-06,1,BNC,Bengaluru Cant,0,2026-08-06 20:30:00.000000,2.0,2026-08-06 20:32:00.000000,synthetic
22691,Rajdhani Express,2026-08-06,2,GTL,Guntakal Jn,300,2026-08-07 01:09:55.384615,8.0,2026-08-07 01:17:55.384615,synthetic
22691,Rajdhani Express,2026-08-06,3,BPL,Bhopal Jn,1780,2026-08-07 23:59:04.615385,0.0,2026-08-07 23:59:04.615385,synthetic
22691,Rajdhani Express,2026-08-06,4,NDLS,New Delhi,2365,2026-08-08 09:02:04.615385,0.0,2026-08-08 09:02:04.615385,synthetic
22691,Rajdhani Express,2026-08-07,1,BNC,Bengaluru Cant,0,2026-08-07 20:30:00.000000,2.0,2026-08-07 20:32:00.000000,synthetic
22691,Rajdhani Express,2026-08-07,2,GTL,Guntakal Jn,300,2026-08-08 01:09:55.384615,9.0,2026-08-08 01:18:55.384615,synthetic
22691,Rajdhani Express,2026-08-07,3,BPL,Bhopal Jn,1780,2026-08-08 23:59:04.615385,5.0,2026-08-09 00:04:04.615385,synthetic
22691,Rajdhani Express,2026-08-07,4,NDLS,New Delhi,2365,2026-08-09 09:02:04.615385,13.0,2026-08-09 09:15:04.615385,synthetic
22691,Rajdhani Express,2026-08-08,1,BNC,Bengaluru Cant,0,2026-08-08 20:30:00.000000,3.0,2026-08-08 20:33:00.000000,synthetic
22691,Rajdhani Express,2026-08-08,2,GTL,Guntakal Jn,300,2026-08-09 01:09:55.384615,2.0,2026-08-09 01:11:55.384615,synthetic
22691,Rajdhani Express,2026-08-08,3,BPL,Bhopal Jn,1780,2026-08-09 23:59:04.615385,0.0,2026-08-09 23:59:04.615385,synthetic
22691,Rajdhani Express,2026-08-08,4,NDLS,New Delhi,2365,2026-08-10 09:02:04.615385,0.0,2026-08-10 09:02:04.615385,synthetic
22691,Rajdhani Express,2026-08-09,1,BNC,Bengaluru Cant,0,2026-08-09 20:30:00.000000,5.0,2026-08-09 20:35:00.000000,synthetic
22691,Rajdhani Express,2026-08-09,2,GTL,Guntakal Jn,300,2026-08-10 01:09:55.384615,9.0,2026-08-10 01:18:55.384615,synthetic
22691,Rajdhani Express,2026-08-09,3,BPL,Bhopal Jn,1780,2026-08-10 23:59:04.615385,11.0,2026-08-11 00:10:04.615385,synthetic
22691,Rajdhani Express,2026-08-09,4,NDLS,New Delhi,2365,2026-08-11 09:02:04.615385,10.0,2026-08-11 09:12:04.615385,synthetic
22691,Rajdhani Express,2026-08-10,1,BNC,Bengaluru Cant,0,2026-08-10 20:30:00.000000,0.0,2026-08-10 20:30:00.000000,synthetic
22691,Rajdhani Express,2026-08-10,2,GTL,Guntakal Jn,300,2026-08-11 01:09:55.384615,1.0,2026-08-11 01:10:55.384615,synthetic
22691,Rajdhani Express,2026-08-10,3,BPL,Bhopal Jn,1780,2026-08-11 23:59:04.615385,0.0,2026-08-11 23:59:04.615385,synthetic
22691,Rajdhani Express,2026-08-10,4,NDLS,New Delhi,2365,2026-08-12 09:02:04.615385,1.0,2026-08-12 09:03:04.615385,synthetic
22691,Rajdhani Express,2026-08-11,1,BNC,Bengaluru Cant,0,2026-08-11 20:30:00.000000,1.0,2026-08-11 20:31:00.000000,synthetic
22691,Rajdhani Express,2026-08-11,2,GTL,Guntakal Jn,300,2026-08-12 01:09:55.384615,7.0,2026-08-12 01:16:55.384615,synthetic
22691,Rajdhani Express,2026-08-11,3,BPL,Bhopal Jn,1780,2026-08-12 23:59:04.615385,6.0,2026-08-13 00:05:04.615385,synthetic
22691,Rajdhani Express,2026-08-11,4,NDLS,New Delhi,2365,2026-08-13 09:02:04.615385,9.0,2026-08-13 09:11:04.615385,synthetic
22691,Rajdhani Express,2026-08-12,1,BNC,Bengaluru Cant,0,2026-08-12 20:30:00.000000,0.0,2026-08-12 20:30:00.000000,synthetic
22691,Rajdhani Express,2026-08-12,2,GTL,Guntakal Jn,300,2026-08-13 01:09:55.384615,0.0,2026-08-13 01:09:55.384615,synthetic
22691,Rajdhani Express,2026-08-12,3,BPL,Bhopal Jn,1780,2026-08-13 23:59:04.615385,3.0,2026-08-14 00:02:04.615385,synthetic
22691,Rajdhani Express,2026-08-12,4,NDLS,New Delhi,2365,2026-08-14 09:02:04.615385,2.0,2026-08-14 09:04:04.615385,synthetic
22691,Rajdhani Express,2026-08-13,1,BNC,Bengaluru Cant,0,2026-08-13 20:30:00.000000,2.0,2026-08-13 20:32:00.000000,synthetic
22691,Rajdhani Express,2026-08-13,2,GTL,Guntakal Jn,300,2026-08-14 01:09:55.384615,1.0,2026-08-14 01:10:55.384615,synthetic
22691,Rajdhani Express,2026-08-13,3,BPL,Bhopal Jn,1780,2026-08-14 23:59:04.615385,0.0,2026-08-14 23:59:04.615385,synthetic
22691,Rajdhani Express,2026-08-13,4,NDLS,New Delhi,2365,2026-08-15 09:02:04.615385,5.0,2026-08-15 09:07:04.615385,synthetic
22691,Rajdhani Express,2026-08-14,1,BNC,Bengaluru Cant,0,2026-08-14 20:30:00.000000,3.0,2026-08-14 20:33:00.000000,synthetic
22691,Rajdhani Express,2026-08-14,2,GTL,Guntakal Jn,300,2026-08-15 01:09:55.384615,4.0,2026-08-15 01:13:55.384615,synthetic
22691,Rajdhani Express,2026-08-14,3,BPL,Bhopal Jn,1780,2026-08-15 23:59:04.615385,2.0,2026-08-16 00:01:04.615385,synthetic
22691,Rajdhani Express,2026-08-14,4,NDLS,New Delhi,2365,2026-08-16 09:02:04.615385,0.0,2026-08-16 09:02:04.615385,synthetic
22691,Rajdhani Express,2026-08-15,1,BNC,Bengaluru Cant,0,2026-08-15 20:30:00.000000,4.0,2026-08-15 20:34:00.000000,synthetic
22691,Rajdhani Express,2026-08-15,2,GTL,Guntakal Jn,300,2026-08-16 01:09:55.384615,1.0,2026-08-16 01:10:55.384615,synthetic
22691,Rajdhani Express,2026-08-15,3,BPL,Bhopal Jn,1780,2026-08-16 23:59:04.615385,0.0,2026-08-16 23:59:04.615385,synthetic
22691,Rajdhani Express,2026-08-15,4,NDLS,New Delhi,2365,2026-08-17 09:02:04.615385,3.0,2026-08-17 09:05:04.615385,synthetic
22691,Rajdhani Express,2026-08-16,1,BNC,Bengaluru Cant,0,2026-08-16 20:30:00.000000,3.0,2026-08-16 20:33:00.000000,synthetic
22691,Rajdhani Express,2026-08-16,2,GTL,Guntakal Jn,300,2026-08-17 01:09:55.384615,7.0,2026-08-17 01:16:55.384615,synthetic
22691,Rajdhani Express,2026-08-16,3,BPL,Bhopal Jn,1780,2026-08-17 23:59:04.615385,3.0,2026-08-18 00:02:04.615385,synthetic
22691,Rajdhani Express,2026-08-16,4,NDLS,New Delhi,2365,2026-08-18 09:02:04.615385,15.0,2026-08-18 09:17:04.615385,synthetic
22691,Rajdhani Express,2026-08-17,1,BNC,Bengaluru Cant,0,2026-08-17 20:30:00.000000,0.0,2026-08-17 20:30:00.000000,synthetic
22691,Rajdhani Express,2026-08-17,2,GTL,Guntakal Jn,300,2026-08-18 01:09:55.384615,8.0,2026-08-18 01:17:55.384615,synthetic
22691,Rajdhani Express,2026-08-17,3,BPL,Bhopal Jn,1780,2026-08-18 23:59:04.615385,9.0,2026-08-19 00:08:04.615385,synthetic
22691,Rajdhani Express,2026-08-17,4,NDLS,New Delhi,2365,2026-08-19 09:02:04.615385,12.0,2026-08-19 09:14:04.615385,synthetic
22691,Rajdhani Express,2026-08-18,1,BNC,Bengaluru Cant,0,2026-08-18 20:30:00.000000,1.0,2026-08-18 20:31:00.000000,synthetic
22691,Rajdhani Express,2026-08-18,2,GTL,Guntakal Jn,300,2026-08-19 01:09:55.384615,2.0,2026-08-19 01:11:55.384615,synthetic
22691,Rajdhani Express,2026-08-18,3,BPL,Bhopal Jn,1780,2026-08-19 23:59:04.615385,10.0,2026-08-20 00:09:04.615385,synthetic
22691,Rajdhani Express,2026-08-18,4,NDLS,New Delhi,2365,2026-08-20 09:02:04.615385,7.0,2026-08-20 09:09:04.615385,synthetic
22691,Rajdhani Express,2026-08-19,1,BNC,Bengaluru Cant,0,2026-08-19 20:30:00.000000,0.0,2026-08-19 20:30:00.000000,synthetic
22691,Rajdhani Express,2026-08-19,2,GTL,Guntakal Jn,300,2026-08-20 01:09:55.384615,3.0,2026-08-20 01:12:55.384615,synthetic
22691,Rajdhani Express,2026-08-19,3,BPL,Bhopal Jn,1780,2026-08-20 23:59:04.615385,9.0,2026-08-21 00:08:04.615385,synthetic
22691,Rajdhani Express,2026-08-19,4,NDLS,New Delhi,2365,2026-08-21 09:02:04.615385,13.0,2026-08-21 09:15:04.615385,synthetic
22691,Rajdhani Express,2026-08-20,1,BNC,Bengaluru Cant,0,2026-08-20 20:30:00.000000,5.0,2026-08-20 20:35:00.000000,synthetic
22691,Rajdhani Express,2026-08-20,2,GTL,Guntakal Jn,300,2026-08-21 01:09:55.384615,8.0,2026-08-21 01:17:55.384615,synthetic
22691,Rajdhani Express,2026-08-20,3,BPL,Bhopal Jn,1780,2026-08-21 23:59:04.615385,5.0,2026-08-22 00:04:04.615385,synthetic
22691,Rajdhani Express,2026-08-20,4,NDLS,New Delhi,2365,2026-08-22 09:02:04.615385,163.0,2026-08-22 11:45:04.615385,synthetic
22691,Rajdhani Express,2026-08-21,1,BNC,Bengaluru Cant,0,2026-08-21 20:30:00.000000,0.0,2026-08-21 20:30:00.000000,synthetic
22691,Rajdhani Express,2026-08-21,2,GTL,Guntakal Jn,300,2026-08-22 01:09:55.384615,1.0,2026-08-22 01:10:55.384615,synthetic
22691,Rajdhani Express,2026-08-21,3,BPL,Bhopal Jn,1780,2026-08-22 23:59:04.615385,0.0,2026-08-22 23:59:04.615385,synthetic
22691,Rajdhani Express,2026-08-21,4,NDLS,New Delhi,2365,2026-08-23 09:02:04.615385,0.0,2026-08-23 09:02:04.615385,synthetic
22691,Rajdhani Express,2026-08-22,1,BNC,Bengaluru Cant,0,2026-08-22 20:30:00.000000,0.0,2026-08-22 20:30:00.000000,synthetic
22691,Rajdhani Express,2026-08-22,2,GTL,Guntakal Jn,300,2026-08-23 01:09:55.384615,3.0,2026-08-23 01:12:55.384615,synthetic
22691,Rajdhani Express,2026-08-22,3,BPL,Bhopal Jn,1780,2026-08-23 23:59:04.615385,2.0,2026-08-24 00:01:04.615385,synthetic
22691,Rajdhani Express,2026-08-22,4,NDLS,New Delhi,2365,2026-08-24 09:02:04.615385,8.0,2026-08-24 09:10:04.615385,synthetic
22691,Rajdhani Express,2026-08-23,1,BNC,Bengaluru Cant,0,2026-08-23 20:30:00.000000,3.0,2026-08-23 20:33:00.000000,synthetic
22691,Rajdhani Express,2026-08-23,2,GTL,Guntakal Jn,300,2026-08-24 01:09:55.384615,1.0,2026-08-24 01:10:55.384615,synthetic
22691,Rajdhani Express,2026-08-23,3,BPL,Bhopal Jn,1780,2026-08-24 23:59:04.615385,1.0,2026-08-25 00:00:04.615385,synthetic
22691,Rajdhani Express,2026-08-23,4,NDLS,New Delhi,2365,2026-08-25 09:02:04.615385,10.0,2026-08-25 09:12:04.615385,synthetic
22691,Rajdhani Express,2026-08-24,1,BNC,Bengaluru Cant,0,2026-08-24 20:30:00.000000,7.0,2026-08-24 20:37:00.000000,synthetic
22691,Rajdhani Express,2026-08-24,2,GTL,Guntakal Jn,300,2026-08-25 01:09:55.384615,10.0,2026-08-25 01:19:55.384615,synthetic
22691,Rajdhani Express,2026-08-24,3,BPL,Bhopal Jn,1780,2026-08-25 23:59:04.615385,13.0,2026-08-26 00:12:04.615385,synthetic
22691,Rajdhani Express,2026-08-24,4,NDLS,New Delhi,2365,2026-08-26 09:02:04.615385,17.0,2026-08-26 09:19:04.615385,synthetic
22691,Rajdhani Express,2026-08-25,1,BNC,Bengaluru Cant,0,2026-08-25 20:30:00.000000,3.0,2026-08-25 20:33:00.000000,synthetic
22691,Rajdhani Express,2026-08-25,2,GTL,Guntakal Jn,300,2026-08-26 01:09:55.384615,1.0,2026-08-26 01:10:55.384615,synthetic
22691,Rajdhani Express,2026-08-25,3,BPL,Bhopal Jn,1780,2026-08-26 23:59:04.615385,4.0,2026-08-27 00:03:04.615385,synthetic
22691,Rajdhani Express,2026-08-25,4,NDLS,New Delhi,2365,2026-08-27 09:02:04.615385,5.0,2026-08-27 09:07:04.615385,synthetic
22691,Rajdhani Express,2026-08-26,1,BNC,Bengaluru Cant,0,2026-08-26 20:30:00.000000,4.0,2026-08-26 20:34:00.000000,synthetic
22691,Rajdhani Express,2026-08-26,2,GTL,Guntakal Jn,300,2026-08-27 01:09:55.384615,1.0,2026-08-27 01:10:55.384615,synthetic
22691,Rajdhani Express,2026-08-26,3,BPL,Bhopal Jn,1780,2026-08-27 23:59:04.615385,0.0,2026-08-27 23:59:04.615385,synthetic
22691,Rajdhani Express,2026-08-26,4,NDLS,New Delhi,2365,2026-08-28 09:02:04.615385,6.0,2026-08-28 09:08:04.615385,synthetic
22691,Rajdhani Express,2026-08-27,1,BNC,Bengaluru Cant,0,2026-08-27 20:30:00.000000,1.0,2026-08-27 20:31:00.000000,synthetic
22691,Rajdhani Express,2026-08-27,2,GTL,Guntakal Jn,300,2026-08-28 01:09:55.384615,1.0,2026-08-28 01:10:55.384615,synthetic
22691,Rajdhani Express,2026-08-27,3,BPL,Bhopal Jn,1780,2026-08-28 23:59:04.615385,3.0,2026-08-29 00:02:04.615385,synthetic
22691,Rajdhani Express,2026-08-27,4,NDLS,New Delhi,2365,2026-08-29 09:02:04.615385,3.0,2026-08-29 09:05:04.615385,synthetic
22691,Rajdhani Express,2026-08-28,1,BNC,Bengaluru Cant,0,2026-08-28 20:30:00.000000,0.0,2026-08-28 20:30:00.000000,synthetic
22691,Rajdhani Express,2026-08-28,2,GTL,Guntakal Jn,300,2026-08-29 01:09:55.384615,0.0,2026-08-29 01:09:55.384615,synthetic
22691,Rajdhani Express,2026-08-28,3,BPL,Bhopal Jn,1780,2026-08-29 23:59:04.615385,2.0,2026-08-30 00:01:04.615385,synthetic
22691,Rajdhani Express,2026-08-28,4,NDLS,New Delhi,2365,2026-08-30 09:02:04.615385,13.0,2026-08-30 09:15:04.615385,synthetic
22691,Rajdhani Express,2026-08-29,1,BNC,Bengaluru Cant,0,2026-08-29 20:30:00.000000,2.0,2026-08-29 20:32:00.000000,synthetic
22691,Rajdhani Express,2026-08-29,2,GTL,Guntakal Jn,300,2026-08-30 01:09:55.384615,1.0,2026-08-30 01:10:55.384615,synthetic
22691,Rajdhani Express,2026-08-29,3,BPL,Bhopal Jn,1780,2026-08-30 23:59:04.615385,0.0,2026-08-30 23:59:04.615385,synthetic
22691,Rajdhani Express,2026-08-29,4,NDLS,New Delhi,2365,2026-08-31 09:02:04.615385,12.0,2026-08-31 09:14:04.615385,synthetic
22691,Rajdhani Express,2026-08-30,1,BNC,Bengaluru Cant,0,2026-08-30 20:30:00.000000,3.0,2026-08-30 20:33:00.000000,synthetic
22691,Rajdhani Express,2026-08-30,2,GTL,Guntakal Jn,300,2026-08-31 01:09:55.384615,2.0,2026-08-31 01:11:55.384615,synthetic
22691,Rajdhani Express,2026-08-30,3,BPL,Bhopal Jn,1780,2026-08-31 23:59:04.615385,0.0,2026-08-31 23:59:04.615385,synthetic
22691,Rajdhani Express,2026-08-30,4,NDLS,New Delhi,2365,2026-09-01 09:02:04.615385,3.0,2026-09-01 09:05:04.615385,synthetic
22691,Rajdhani Express,2026-08-31,1,BNC,Bengaluru Cant,0,2026-08-31 20:30:00.000000,2.0,2026-08-31 20:32:00.000000,synthetic
22691,Rajdhani Express,2026-08-31,2,GTL,Guntakal Jn,300,2026-09-01 01:09:55.384615,2.0,2026-09-01 01:11:55.384615,synthetic
22691,Rajdhani Express,2026-08-31,3,BPL,Bhopal Jn,1780,2026-09-01 23:59:04.615385,0.0,2026-09-01 23:59:04.615385,synthetic
22691,Rajdhani Express,2026-08-31,4,NDLS,New Delhi,2365,2026-09-02 09:02:04.615385,0.0,2026-09-02 09:02:04.615385,synthetic
22691,Rajdhani Express,2026-09-01,1,BNC,Bengaluru Cant,0,2026-09-01 20:30:00.000000,6.0,2026-09-01 20:36:00.000000,synthetic
22691,Rajdhani Express,2026-09-01,2,GTL,Guntakal Jn,300,2026-09-02 01:09:55.384615,5.0,2026-09-02 01:14:55.384615,synthetic
22691,Rajdhani Express,2026-09-01,3,BPL,Bhopal Jn,1780,2026-09-02 23:59:04.615385,4.0,2026-09-03 00:03:04.615385,synthetic
22691,Rajdhani Express,2026-09-01,4,NDLS,New Delhi,2365,2026-09-03 09:02:04.615385,9.0,2026-09-03 09:11:04.615385,synthetic
22691,Rajdhani Express,2026-09-02,1,BNC,Bengaluru Cant,0,2026-09-02 20:30:00.000000,2.0,2026-09-02 20:32:00.000000,synthetic
22691,Rajdhani Express,2026-09-02,2,GTL,Guntakal Jn,300,2026-09-03 01:09:55.384615,0.0,2026-09-03 01:09:55.384615,synthetic
22691,Rajdhani Express,2026-09-02,3,BPL,Bhopal Jn,1780,2026-09-03 23:59:04.615385,3.0,2026-09-04 00:02:04.615385,synthetic
22691,Rajdhani Express,2026-09-02,4,NDLS,New Delhi,2365,2026-09-04 09:02:04.615385,6.0,2026-09-04 09:08:04.615385,synthetic
22691,Rajdhani Express,2026-09-03,1,BNC,Bengaluru Cant,0,2026-09-03 20:30:00.000000,2.0,2026-09-03 20:32:00.000000,synthetic
22691,Rajdhani Express,2026-09-03,2,GTL,Guntakal Jn,300,2026-09-04 01:09:55.384615,10.0,2026-09-04 01:19:55.384615,synthetic
22691,Rajdhani Express,2026-09-03,3,BPL,Bhopal Jn,1780,2026-09-04 23:59:04.615385,5.0,2026-09-05 00:04:04.615385,synthetic
22691,Rajdhani Express,2026-09-03,4,NDLS,New Delhi,2365,2026-09-05 09:02:04.615385,5.0,2026-09-05 09:07:04.615385,synthetic
22691,Rajdhani Express,2026-09-04,1,BNC,Bengaluru Cant,0,2026-09-04 20:30:00.000000,3.0,2026-09-04 20:33:00.000000,synthetic
22691,Rajdhani Express,2026-09-04,2,GTL,Guntakal Jn,300,2026-09-05 01:09:55.384615,6.0,2026-09-05 01:15:55.384615,synthetic
22691,Rajdhani Express,2026-09-04,3,BPL,Bhopal Jn,1780,2026-09-05 23:59:04.615385,3.0,2026-09-06 00:02:04.615385,synthetic
22691,Rajdhani Express,2026-09-04,4,NDLS,New Delhi,2365,2026-09-06 09:02:04.615385,8.0,2026-09-06 09:10:04.615385,synthetic
